time,btc,eth,sol_mcap,hype_mcap,btc_vol,sol_vol,hype_vol,hype_supply_step_flag
2019-01-01,3808.11783167738,139.154644360023,,,665138362.982127,,,0
2019-01-02,3898.1974880187,154.426368790181,,,907331210.632897,,,0
2019-01-03,3784.38863471654,147.06208679135,,,741905483.098637,,,0
2019-01-04,3827.52459438925,153.442376972531,,,924367155.186942,,,0
2019-01-05,3798.61395499708,154.301756867329,,,825443658.133947,,,0
2019-01-06,4045.99377498539,155.940283167738,,,1030998166.86515,,,0
2019-01-07,4001.01827819988,150.346131794272,,,1053956184.35001,,,0
2019-01-08,3992.6227893045,149.052762711864,,,1123494744.94983,,,0
2019-01-09,4004.25903565167,149.62985622443,,,1075230754.37069,,,0
2019-01-10,3627.90345002922,126.929803915839,,,1629540261.36053,,,0
2019-01-11,3624.16142109877,124.970574225599,,,974204297.31489,,,0
2019-01-12,3617.02207831677,124.329310637054,,,658144955.363762,,,0
2019-01-13,3508.6701081239,115.339895382817,,,700895357.802798,,,0
2019-01-14,3666.94519374635,128.323583869082,,,925378890.022718,,,0
2019-01-15,3581.29301548802,120.32987609585,,,940784213.830291,,,0
2019-01-16,3606.98657568673,122.420913793103,,,826890285.364818,,,0
2019-01-17,3640.12913062536,122.647751607247,,,843658221.552801,,,0
2019-01-18,3609.42673611923,119.485191408533,,,680285114.808071,,,0
2019-01-19,3687.30196113384,123.487991233197,,,727113518.066218,,,0
2019-01-20,3538.31372296903,117.515231735827,,,769693147.278172,,,0
2019-01-21,3535.623393045,115.918843074226,,,672607286.524668,,,0
2019-01-22,3577.30834979544,117.97571975453,,,840575740.383188,,,0
2019-01-23,3551.89382115722,116.313436586791,,,796849698.849144,,,0
2019-01-24,3567.58893366452,116.326357977791,,,668730948.724065,,,0
2019-01-25,3561.35049795441,114.967366452367,,,674019496.172586,,,0
2019-01-26,3557.03991525424,115.040040035067,,,652271703.141471,,,0
2019-01-27,3537.61413062536,111.82207685564,,,735110776.353289,,,0
2019-01-28,3435.05251402689,105.667155756867,,,1094503328.35146,,,0
2019-01-29,3395.82376329632,104.227875803624,,,725337975.874217,,,0
2019-01-30,3437.89586616014,107.66988603156,,,739732092.365871,,,0
2019-01-31,3410.13161601403,105.739236119229,,,679507855.350405,,,0
2019-02-01,3445.04989129164,106.634947691409,,,637091686.5035,,,0
2019-02-02,3461.93511747516,108.571131794272,,,499732373.953866,,,0
2019-02-03,3413.02161630625,106.021722676797,,,512452779.012544,,,0
2019-02-04,3411.38796171829,106.026675628288,,,608532445.89001,,,0
2019-02-05,3426.46501139684,106.135586499123,,,668174092.945875,,,0
2019-02-06,3367.50636499123,103.394712156634,,,818692463.076086,,,0
2019-02-07,3358.87359906487,103.299053769725,,,532905618.117249,,,0
2019-02-08,3612.47961922852,117.501485096435,,,1299396370.65385,,,0
2019-02-09,3621.26812098188,118.103963471654,,,690499396.747154,,,0
2019-02-10,3642.0223591467,123.577868205728,,,744518465.746495,,,0
2019-02-11,3590.6184836353,119.726615429573,,,757347590.185715,,,0
2019-02-12,3587.90246580947,120.828701928697,,,865368517.872786,,,0
2019-02-13,3576.08537258913,120.690225891292,,,869771399.371547,,,0
2019-02-14,3561.91638340152,119.68091320865,,,755538425.185984,,,0
2019-02-15,3565.00692372881,120.360025423729,,,691890064.174443,,,0
2019-02-16,3584.73600263004,121.804881063705,,,693193200.615665,,,0
2019-02-17,3622.7574289889,132.80649006429,,,983619690.069489,,,0
2019-02-18,3866.12921712449,144.415395967271,,,1891532865.86476,,,0
2019-02-19,3895.43521098773,143.137295733489,,,1648071622.72836,,,0
2019-02-20,3931.61382904734,147.192143483343,,,1117881087.42803,,,0
2019-02-21,3892.26179427236,143.601283459965,,,986996840.691185,,,0
2019-02-22,3948.30051052016,147.063304208065,,,928917101.19323,,,0
2019-02-23,4110.15112127411,157.5305,,,1214184350.72704,,,0
2019-02-24,3754.18378988895,135.383128872005,,,2029618402.33717,,,0
2019-02-25,3822.01869666861,137.924874926943,,,1254080208.6791,,,0
2019-02-26,3796.17506838106,135.725916130918,,,1069239136.67157,,,0
2019-02-27,3799.3819924021,133.996758912916,,,1138635730.81671,,,0
2019-02-28,3792.94772296902,134.754724137931,,,1189384297.58336,,,0
2019-03-01,3810.63269257744,134.864564582116,,,902934675.317666,,,0
2019-03-02,3809.64339099942,132.19729748685,,,759257683.250815,,,0
2019-03-03,3782.38187025132,129.645783752192,,,735336203.269313,,,0
2019-03-04,3698.16185505552,125.120439509059,,,1147707594.91774,,,0
2019-03-05,3840.1280490941,135.707658971362,,,1329815355.60261,,,0
2019-03-06,3851.99842548218,137.182303915839,,,1017405086.03937,,,0
2019-03-07,3855.92316832262,136.142440677966,,,1137006555.1052,,,0
2019-03-08,3839.23355289304,132.441421098773,,,1537739577.42144,,,0
2019-03-09,3910.36116656926,136.296960841613,,,1344657570.16058,,,0
2019-03-10,3903.9119509059,135.225663062537,,,1044597918.9828,,,0
2019-03-11,3851.56892168323,132.080107539451,,,1338115650.36599,,,0
2019-03-12,3858.91482378726,132.696165108124,,,1325388424.83358,,,0
2019-03-13,3851.95746639392,131.13371244886,,,1198001107.07723,,,0
2019-03-14,3853.78326504968,131.309282583285,,,1228047512.93689,,,0
2019-03-15,3901.91420689655,135.602942723553,,,1224292852.62009,,,0
2019-03-16,3989.79607685564,140.628877556984,,,1775465895.72383,,,0
2019-03-17,3967.14349444769,138.143052308591,,,1277355179.69878,,,0
2019-03-18,3969.44014582116,137.063216247808,,,1562509984.77751,,,0
2019-03-19,3996.16790356517,137.928077147867,,,1385445369.96133,,,0
2019-03-20,4030.65527586207,138.685892460549,,,1593580616.9284,,,0
2019-03-21,3976.27385008767,134.586574225599,,,1710223011.30551,,,0
2019-03-22,3983.88764582116,135.893367913501,,,1364432461.37632,,,0
2019-03-23,3981.77603302163,136.475040619521,,,1312218517.29064,,,0
2019-03-24,3970.6669880187,135.419440385739,,,1382156830.28264,,,0
2019-03-25,3908.23883869082,133.093157802455,,,1871750542.17762,,,0
2019-03-26,3917.76340210403,133.164339859731,,,1869820027.48237,,,0
2019-03-27,4027.00791788428,139.21530742256,,,2112828496.80567,,,0
2019-03-28,4010.93746201052,137.336611922852,,,1657818271.09735,,,0
2019-03-29,4089.46104003507,142.368977498539,,,1965206520.56767,,,0
2019-03-30,4091.89103834015,142.107745178258,,,1609683401.84088,,,0
2019-03-31,4094.31781472823,141.27678515488,,,1472493243.01307,,,0
2019-04-01,4138.41780771479,141.295688778492,,,2000646682.93836,,,0
2019-04-02,4903.71946206897,165.466880479252,,,5552027496.62499,,,0
2019-04-03,4960.22760274693,160.239572764465,,,5982014666.64459,,,0
2019-04-04,4911.26970245471,157.865736879018,,,3574470042.43801,,,0
2019-04-05,5033.22548369375,165.938985388662,,,2727383250.81156,,,0
2019-04-06,5044.35684593805,165.408794856809,,,2688535690.85905,,,0
2019-04-07,5189.11195558153,174.463659555815,,,2697431147.44982,,,0
2019-04-08,5283.42302483928,180.779501168907,,,3605935112.29891,,,0
2019-04-09,5195.57790882525,175.957886616014,,,2877010524.03311,,,0
2019-04-10,5311.74160327294,177.474878959673,,,2738402006.47421,,,0
2019-04-11,5050.66600859147,165.550361192285,,,3122282237.0661,,,0
2019-04-12,5082.86143202805,164.89181735827,,,2104021194.04677,,,0
2019-04-13,5074.79069257744,164.128659263589,,,1396002522.41292,,,0
2019-04-14,5156.80404061952,168.013099064874,,,1516552390.19722,,,0
2019-04-15,5042.89773845704,160.557473115137,,,2067319311.91298,,,0
2019-04-16,5205.96295745178,166.662340151958,,,1861365895.42547,,,0
2019-04-17,5226.35221519579,166.364139684395,,,2078145816.92076,,,0
2019-04-18,5278.5023395675,173.54595207481,,,2020199626.90644,,,0
2019-04-19,5289.95121911163,173.652783459965,,,1957676845.64217,,,0
2019-04-20,5313.97326212741,173.215369374635,,,1737709999.80533,,,0
2019-04-21,5295.73382817066,169.945601110462,,,1833857640.95496,,,0
2019-04-22,5383.79997533606,171.565414669784,,,2106540890.92483,,,0
2019-04-23,5544.86271186441,170.937409643483,,,2809295229.07778,,,0
2019-04-24,5431.94791963764,165.142114202221,,,2833506449.24197,,,0
2019-04-25,5127.67316738749,152.045494447691,,,2748757184.75485,,,0
2019-04-26,5150.16466066628,152.960927527762,,,2607894455.22368,,,0
2019-04-27,5181.80776364699,155.726733489188,,,1333625966.59975,,,0
2019-04-28,5148.66961542957,153.2518471654,,,1353174552.96712,,,0
2019-04-29,5148.80049327878,152.545208766803,,,1742358887.3071,,,0
2019-04-30,5266.61820251315,159.938501461134,,,1818125736.36112,,,0
2019-05-01,5315.17532904734,158.222859731151,,,1464761935.59127,,,0
2019-05-02,5393.12937638808,159.191619520748,,,1627819953.69866,,,0
2019-05-03,5658.43038836938,164.69545207481,,,3397133854.31398,,,0
2019-05-04,5774.71242869667,162.037265751023,,,2894146490.28933,,,0
2019-05-05,5728.35170222092,161.485596434833,,,2258952185.16901,,,0
2019-05-06,5691.68837405026,172.068616014027,,,2345685195.18313,,,0
2019-05-07,5825.744893045,170.05011484512,,,3217477832.00711,,,0
2019-05-08,5931.8005949737,169.558764172998,,,2395664547.59075,,,0
2019-05-09,6150.14044476914,170.250314728229,,,2771290436.99662,,,0
2019-05-10,6357.46349357101,172.221821975453,,,3381896487.91386,,,0
2019-05-11,7325.08286031561,199.606514552893,,,6255761093.7559,,,0
2019-05-12,6942.62317451783,187.184103740503,,,6359816149.92525,,,0
2019-05-13,7798.90573600234,195.825203097604,,,6591408537.26072,,,0
2019-05-14,7955.5576823495,218.214805669199,,,6646763723.33978,,,0
2019-05-15,8215.2068383986,249.061431034483,,,4984322857.8303,,,0
2019-05-16,7862.07160233782,263.38047019287,,,6059669430.67824,,,0
2019-05-17,7326.92068188194,242.263793687902,,,6675524145.5645,,,0
2019-05-18,7277.98756341321,234.841279661017,,,3322019491.76198,,,0
2019-05-19,8219.74278696669,261.974045295149,,,4927746654.93802,,,0
2019-05-20,7981.13937895967,252.417419637639,,,4717229323.13566,,,0
2019-05-21,7983.80847738165,256.818162185856,,,4252440487.17991,,,0
2019-05-22,7667.90211484512,244.550514319112,,,4349866393.95111,,,0
2019-05-23,7897.4712936879,245.840384862654,,,3819765251.69418,,,0
2019-05-24,7987.10036762127,248.839252016365,,,3852790045.71981,,,0
2019-05-25,8061.59176072472,251.888460958504,,,2728830257.89348,,,0
2019-05-26,8731.52495587376,268.294339567504,,,4472574766.82847,,,0
2019-05-27,8816.78670835769,272.616331092928,,,4817882962.45709,,,0
2019-05-28,8719.12584833431,271.223498538866,,,3665733830.75041,,,0
2019-05-29,8655.48850613676,269.327810929281,,,3763005320.34807,,,0
2019-05-30,8271.62196317942,254.294201753361,,,6415436885.94231,,,0
2019-05-31,8556.222185564,266.573922559906,,,4195375757.26029,,,0
2019-06-01,8554.80732963179,265.140144360023,,,3232248633.76264,,,0
2019-06-02,8744.35374547049,269.967041496201,,,3046387170.53247,,,0
2019-06-03,8173.40127054354,251.05775862069,,,4460847811.33517,,,0
2019-06-04,7649.93933196961,239.457040911748,,,5193024886.21079,,,0
2019-06-05,7798.54446639392,246.337600233782,,,3970680440.10215,,,0
2019-06-06,7776.71332612507,247.488754237288,,,3397075927.6424,,,0
2019-06-07,8023.950093045,250.225909585038,,,3212730619.90899,,,0
2019-06-08,7939.80515488019,244.62647019287,,,2373251161.08667,,,0
2019-06-09,7634.06575073057,231.039578024547,,,2693764042.36463,,,0
2019-06-10,7993.30253857393,246.746325248393,,,3207401975.75875,,,0
2019-06-11,7922.48362711864,245.800910870836,,,2866092602.06918,,,0
2019-06-12,8146.75612507306,259.656640093513,,,3386520748.54206,,,0
2019-06-13,8232.77734137931,255.336300409117,,,3166496613.70048,,,0
2019-06-14,8698.00481502046,264.76342314436,,,3909154832.42281,,,0
2019-06-15,8850.58481601403,269.057187405026,,,3262994704.70516,,,0
2019-06-16,9019.51700672121,269.848518702513,,,5312082179.9558,,,0
2019-06-17,9340.57218877849,273.7140949737,,,4378063504.10716,,,0
2019-06-18,9047.13274447691,263.702251899474,,,4006854169.91479,,,0
2019-06-19,9285.05567656341,268.93683810637,,,2966851941.87917,,,0
2019-06-20,9546.71977819988,272.137500292227,,,3668333538.37527,,,0
2019-06-21,10083.4863136762,294.852892752776,,,4866326143.17148,,,0
2019-06-22,10685.2952327878,308.009769725307,,,8758120005.32387,,,0
2019-06-23,10794.4276963764,306.55350742256,,,5084432580.82021,,,0
2019-06-24,11004.2069094681,309.798750263004,,,4240632970.28913,,,0
2019-06-25,11726.2638308007,316.171920046756,,,6286248211.9118,,,0
2019-06-26,12863.4606849795,334.035053477499,,,15478090676.3095,,,0
2019-06-27,11109.7978418469,293.215036236119,,,14276790287.2838,,,0
2019-06-28,12358.2079582116,309.446182933957,,,8482978268.50795,,,0
2019-06-29,11944.3515473407,318.529788135593,,,6830382892.00902,,,0
2019-06-30,10842.6167109877,291.660696317943,,,6520975426.61514,,,0
2019-07-01,10569.5517282291,293.862392752776,,,7316694889.3176,,,0
2019-07-02,10766.0833162186,290.571834307423,,,8038305218.53056,,,0
2019-07-03,11952.0248935126,302.057210403273,,,7737755898.37384,,,0
2019-07-04,11177.0103787551,283.489202805377,,,6224644096.21617,,,0
2019-07-05,10998.3991004676,287.858582992402,,,5394906427.96404,,,0
2019-07-06,11208.225600526,287.274129982466,,,4631180839.87542,,,0
2019-07-07,11456.1836039158,306.198590590298,,,3665527173.84519,,,0
2019-07-08,12319.6228758036,313.326290473407,,,5160744694.80725,,,0
2019-07-09,12579.107616014,308.343054061952,,,6677916449.70465,,,0
2019-07-10,12106.7829313267,288.731157802455,,,9370609407.31373,,,0
2019-07-11,11294.678028346,267.536604617183,,,7580395572.66604,,,0
2019-07-12,11813.3237158971,275.872600233781,,,5165099264.74028,,,0
2019-07-13,11346.837148159,268.688629339568,,,4961599586.68162,,,0
2019-07-14,10283.0757891292,230.335976329632,,,6117898372.89966,,,0
2019-07-15,10926.3802741087,230.578357977791,,,6453280391.20142,,,0
2019-07-16,9471.14086475745,199.001611046172,,,7431041887.63311,,,0
2019-07-17,9674.88246113384,210.931314728229,,,6711163154.98114,,,0
2019-07-18,10679.8906896552,227.241794272355,,,6712774767.15793,,,0
2019-07-19,10532.2027291058,221.03139333723,,,5196937207.04595,,,0
2019-07-20,10862.6485479252,230.67205371128,,,4303502391.9142,,,0
2019-07-21,10589.7064907656,225.672067124489,,,3366994906.35353,,,0
2019-07-22,10318.5609251899,217.013625365284,,,3580559060.00537,,,0
2019-07-23,9866.64894038574,212.361456750438,,,3772683619.86069,,,0
2019-07-24,9792.78753652835,216.848442548217,,,3664194732.67495,,,0
2019-07-25,9897.18678603156,219.638668264173,,,2984323382.54262,,,0
2019-07-26,9836.69678813559,219.365355873758,,,2421934003.96289,,,0
2019-07-27,9446.67205207481,206.645765049679,,,3160535708.62832,,,0
2019-07-28,9529.78879193454,210.927540561075,,,1991923919.00508,,,0
2019-07-29,9504.15891595558,210.840748977206,,,2259595970.89633,,,0
2019-07-30,9589.10920601987,210.029560841613,,,2213234530.28729,,,0
2019-07-31,10059.0040189947,218.08824050263,,,3073179171.57218,,,0
2019-08-01,10400.3070143776,217.353194915254,,,2765065978.28941,,,0
2019-08-02,10529.6944544126,217.667191992987,,,3015086868.01847,,,0
2019-08-03,10810.4216686148,221.83531648159,,,2536440739.74446,,,0
2019-08-04,10986.5089291058,222.788521917008,,,2878202212.32654,,,0
2019-08-05,11790.0239375804,232.299908825248,,,5094972588.99718,,,0
2019-08-06,11423.4970017534,225.729268264173,,,5642249746.77056,,,0
2019-08-07,11967.2735473407,226.042916773817,,,4968518210.42606,,,0
2019-08-08,11938.2346108708,220.550041320865,,,3806386357.40298,,,0
2019-08-09,11858.3410984804,209.817827878434,,,3399125281.80275,,,0
2019-08-10,11303.7305618936,206.324379310345,,,3551770908.75023,,,0
2019-08-11,11530.195242256,215.789734658095,,,2436075120.50169,,,0
2019-08-12,11384.6962465809,210.972497662186,,,1948933844.9384,,,0
2019-08-13,10867.05475827,208.597628345996,,,3180485481.39371,,,0
2019-08-14,10024.3795917008,186.381814143776,,,4826262513.93139,,,0
2019-08-15,10310.0858696669,188.016636469901,,,5200667726.32583,,,0
2019-08-16,10373.3219028054,185.577936879018,,,4689284830.36163,,,0
2019-08-17,10207.1555616598,185.547666510812,,,2562024956.82751,,,0
2019-08-18,10331.3099760374,194.706162068966,,,2246302587.80289,,,0
2019-08-19,10884.6297744009,202.767035067212,,,3091908196.05964,,,0
2019-08-20,10771.3923793688,196.717822033898,,,2648030278.23446,,,0
2019-08-21,10096.8302238457,186.497284628872,,,3819147867.64908,,,0
2019-08-22,10119.7145248393,191.596093220339,,,2969900518.7752,,,0
2019-08-23,10414.1441725891,194.624304792519,,,2515841972.22133,,,0
2019-08-24,10147.0871548802,191.114351256575,,,2538322255.68279,,,0
2019-08-25,10100.3567783752,186.324488895383,,,2347126751.25905,,,0
2019-08-26,10362.6434723553,188.569805376973,,,3500916725.33547,,,0
2019-08-27,10168.221571654,186.883293103448,,,2360211727.66544,,,0
2019-08-28,9724.79997808299,173.17579748685,,,3375252138.40437,,,0
2019-08-29,9482.31173495032,168.735882349503,,,2978410496.43355,,,0
2019-08-30,9577.67882349503,168.372436002338,,,2088904962.90574,,,0
2019-08-31,9605.02446142607,172.177609877265,,,1429027349.42378,,,0
2019-09-01,9762.93655689655,171.211480479252,,,1522046487.36048,,,0
2019-09-02,10377.3383845704,178.580194623027,,,2914214042.7217,,,0
2019-09-03,10618.7815058445,179.233673874927,,,3588062776.13492,,,0
2019-09-04,10577.2410839275,174.729775277615,,,3022257528.99483,,,0
2019-09-05,10580.1846995909,174.54153974284,,,2239418033.18516,,,0
2019-09-06,10330.8497312098,169.23070338983,,,3957256552.31458,,,0
2019-09-07,10494.5069649328,178.287494389246,,,2174967419.7241,,,0
2019-09-08,10407.2656573933,181.604640268849,,,1877805807.85365,,,0
2019-09-09,10332.4644424313,181.388241671537,,,2885550441.72445,,,0
2019-09-10,10085.9519243133,179.595805669199,,,2236309305.68442,,,0
2019-09-11,10142.1480603741,178.058855639977,,,2390584919.30764,,,0
2019-09-12,10403.3599707773,180.84650818235,,,2147088226.21711,,,0
2019-09-13,10345.3387469316,181.51325949737,,,1801888221.65805,,,0
2019-09-14,10363.4528963179,188.595950496786,,,1601540372.8134,,,0
2019-09-15,10306.1696674459,189.443608416131,,,1255232938.71985,,,0
2019-09-16,10257.822761543,197.430535651666,,,1918540102.58688,,,0
2019-09-17,10195.6111811806,209.287582700175,,,2022772007.24139,,,0
2019-09-18,10161.3188664524,210.7212235827,,,2203130166.44814,,,0
2019-09-19,10268.3926291642,221.562201052016,,,3387229930.25148,,,0
2019-09-20,10170.1251161309,217.195570134424,,,1887618065.43947,,,0
2019-09-21,9986.4061081239,215.50002980713,,,1531125918.29687,,,0
2019-09-22,10047.0134748685,211.051801870251,,,1615954411.77832,,,0
2019-09-23,9692.74104792519,201.226725014611,,,2250884768.72206,,,0
2019-09-24,8613.67124850965,168.43832817066,,,6190614542.51747,,,0
2019-09-25,8424.15764640561,169.84662478083,,,3927084419.74582,,,0
2019-09-26,8091.69529924021,166.334617884278,,,3730606494.65935,,,0
2019-09-27,8186.77963927528,174.083654120397,,,2560670813.69674,,,0
2019-09-28,8201.97901344243,173.798880362361,,,1963112129.59517,,,0
2019-09-29,8064.50806236119,169.853334891876,,,1844017267.23937,,,0
2019-09-30,8282.3654541204,179.508727936879,,,2816400210.77721,,,0
2019-10-01,8314.55139012273,176.635159555815,,,2458912563.35305,,,0
2019-10-02,8362.53073232028,180.731424605494,,,1653832495.8245,,,0
2019-10-03,8254.33991028638,175.467113267095,,,1740214221.50426,,,0
2019-10-04,8165.68615125658,176.204069316189,,,1538747807.1044,,,0
2019-10-05,8141.63371379311,176.184813267095,,,1305285189.4111,,,0
2019-10-06,7854.60981297487,169.854954237288,,,1770999078.45378,,,0
2019-10-07,8226.02342928112,181.001570426651,,,2541351449.61179,,,0
2019-10-08,8190.1151207481,180.668669783752,,,1869372756.52091,,,0
2019-10-09,8598.3319207481,194.229131502046,,,2884143209.99873,,,0
2019-10-10,8578.09037931034,191.574099707773,,,2136490747.58171,,,0
2019-10-11,8289.85402893045,180.902172472238,,,2466926317.46892,,,0
2019-10-12,8323.7501440678,180.319804997078,,,1292482290.14882,,,0
2019-10-13,8291.25065143191,181.47459760374,,,1443796843.46029,,,0
2019-10-14,8346.36843658679,186.520615137347,,,1553344543.17552,,,0
2019-10-15,8160.71262752776,180.282949853887,,,1812128178.40827,,,0
2019-10-16,8003.85592314436,174.995676329632,,,1838387966.47305,,,0
2019-10-17,8072.48938229106,177.070229865576,,,1521741546.14407,,,0
2019-10-18,7959.33199357101,173.130578725891,,,1646081648.72565,,,0
2019-10-19,7948.47733722969,171.613132729398,,,1459247613.54937,,,0
2019-10-20,8213.70903927528,175.187846580947,,,1644544244.69793,,,0
2019-10-21,8211.65455873758,174.198366861485,,,1727638131.69029,,,0
2019-10-22,8029.20537288136,171.261682057276,,,1724838819.90733,,,0
2019-10-23,7458.03585680889,161.323558386908,,,3168838487.47805,,,0
2019-10-24,7454.37113816482,161.024464640561,,,1716643558.45492,,,0
2019-10-25,8656.65517755699,181.161944476914,,,4626216758.08334,,,0
2019-10-26,9249.64676095851,179.720602337814,,,9560555719.46189,,,0
2019-10-27,9558.15604400935,184.572484570427,,,5292340366.76702,,,0
2019-10-28,9319.17814167154,182.81422063121,,,4399831306.29749,,,0
2019-10-29,9431.20712390415,190.830495441262,,,3607855541.89427,,,0
2019-10-30,9182.85506516657,183.277003798948,,,3101384022.60393,,,0
2019-10-31,9155.27729877265,182.430567212157,,,2960215774.67316,,,0
2019-11-01,9251.38129345412,183.362267679719,,,2650531125.10375,,,0
2019-11-02,9300.19083752192,182.998768848627,,,1771687602.44275,,,0
2019-11-03,9209.63869608416,181.907013734658,,,1682217629.88112,,,0
2019-11-04,9418.36013062537,186.034432787843,,,2344417760.66097,,,0
2019-11-05,9330.78722296902,189.217251373466,,,2469313248.33917,,,0
2019-11-06,9354.93338229106,191.556660666277,,,1975862124.4025,,,0
2019-11-07,9210.74822238457,186.770622443016,,,1982345279.59818,,,0
2019-11-08,8791.33393495032,184.038223085915,,,2897213151.16994,,,0
2019-11-09,8810.78456195208,184.962579777908,,,1500247871.91916,,,0
2019-11-10,9042.89072320281,189.045104675628,,,1933955975.9473,,,0
2019-11-11,8713.20792957335,184.418845295149,,,2166741731.67612,,,0
2019-11-12,8788.95814295734,186.5779264173,,,2176240691.25951,,,0
2019-11-13,8766.72943050848,188.033356107539,,,1720878681.47974,,,0
2019-11-14,8645.43580362361,184.766463763881,,,1973489965.01234,,,0
2019-11-15,8465.87788854471,179.989789070719,,,2634362570.06439,,,0
2019-11-16,8477.69024284044,182.287117182934,,,1529114395.89724,,,0
2019-11-17,8505.16122326125,183.829805961426,,,1617929780.94906,,,0
2019-11-18,8183.53341350088,178.062372004676,,,2450296847.1549,,,0
2019-11-19,8116.82067258913,175.435199883109,,,2205945538.76196,,,0
2019-11-20,8076.55466008182,174.409720338983,,,1834441700.85988,,,0
2019-11-21,7612.2774880187,160.728296902396,,,2961122421.84839,,,0
2019-11-22,7277.52427323203,149.776162478083,,,5303455515.95791,,,0
2019-11-23,7324.83617855056,152.327056282876,,,2491217255.98446,,,0
2019-11-24,6943.38065604909,141.576619520748,,,2703709304.47972,,,0
2019-11-25,7139.04468597312,146.562241846873,,,4878950421.38036,,,0
2019-11-26,7165.43773027469,147.942878550555,,,2659106030.0183,,,0
2019-11-27,7526.86381654004,153.24832226768,,,3626313596.36237,,,0
2019-11-28,7436.3363817066,151.010392460549,,,2475661019.87434,,,0
2019-11-29,7747.73804208066,154.256289012274,,,2603760261.76476,,,0
2019-11-30,7556.19372121567,152.016210111046,,,2064306143.48588,,,0
2019-12-01,7417.72720601987,151.380223378141,,,2363123206.16141,,,0
2019-12-02,7318.31252180012,149.052715663355,,,2047024454.0742,,,0
2019-12-03,7306.44623331385,147.465369140853,,,1803569973.53961,,,0
2019-12-04,7215.02034482759,145.69724465225,,,3293666946.83248,,,0
2019-12-05,7404.0867949737,148.022399883109,,,2607397088.14381,,,0
2019-12-06,7534.2083559322,148.700186732905,,,2376740576.16285,,,0
2019-12-07,7512.06140263004,147.515199298656,,,1816277477.46231,,,0
2019-12-08,7528.94026943308,150.838420806546,,,1654811642.27345,,,0
2019-12-09,7340.22745908825,147.375495149036,,,2352550127.38412,,,0
2019-12-10,7232.09178375219,145.696360140269,,,2329880029.72466,,,0
2019-12-11,7200.46444599649,143.130404734074,,,1685858897.93258,,,0
2019-12-12,7192.84902425482,144.734203682057,,,1917989846.73404,,,0
2019-12-13,7244.90372004676,144.599715078901,,,1493114459.51122,,,0
2019-12-14,7071.10709029807,141.842442840444,,,1527046388.22116,,,0
2019-12-15,7111.28666995909,142.304544126242,,,1470970600.15202,,,0
2019-12-16,6882.39579532437,132.379981122151,,,2136738468.36579,,,0
2019-12-17,6608.96197983635,121.505916423144,,,2487560117.37739,,,0
2019-12-18,7284.6254836353,132.883688018703,,,3614527040.7765,,,0
2019-12-19,7146.16763763881,127.844947691409,,,2433425618.23328,,,0
2019-12-20,7184.21917206312,128.217562828755,,,1655671255.37829,,,0
2019-12-21,7140.29801127995,127.097141145529,,,1201977875.54609,,,0
2019-12-22,7479.40240789012,132.060468731736,,,1845575455.95782,,,0
2019-12-23,7321.7487238457,127.814310578609,,,2739131018.67642,,,0
2019-12-24,7235.62908381064,127.656445938048,,,2151128166.59758,,,0
2019-12-25,7191.17416569258,124.881023085915,,,1548366130.51357,,,0
2019-12-26,7194.63975832846,125.308429865576,,,1647879659.63595,,,0
2019-12-27,7237.15044728229,126.181629456458,,,1632964072.14151,,,0
2019-12-28,7306.64330829924,128.037601694915,,,1281519155.26999,,,0
2019-12-29,7391.578521391,134.639243717125,,,1329428975.97806,,,0
2019-12-30,7229.3971006429,131.287466744594,,,1388117169.99834,,,0
2019-12-31,7167.39505464641,128.511079777908,,,1193447000.25988,,,0
2020-01-01,7170.63186879018,129.963875336061,,,945065382.602609,,,0
2020-01-02,6946.82526914085,126.730876972531,,,1401933680.01155,,,0
2020-01-03,7315.3093603156,133.800767095266,,,2601699503.84954,,,0
2020-01-04,7343.16419438925,134.050349210988,,,1308073500.72553,,,0
2020-01-05,7345.53069181765,134.982177089421,,,1410304397.94888,,,0
2020-01-06,7765.7977346581,143.988824079486,,,2186981744.12543,,,0
2020-01-07,8136.08684190532,143.248955698422,,,3294368677.78956,,,0
2020-01-08,8059.69952887201,140.872484044418,,,4155481473.80313,,,0
2020-01-09,7817.13609322034,137.473664114553,,,2280454593.74479,,,0
2020-01-10,8129.81791992987,143.789400935126,,,2967393864.65457,,,0
2020-01-11,8032.00549503215,142.846074284044,,,2200366656.05997,,,0
2020-01-12,8164.54999316189,145.447126008182,,,1646123030.21673,,,0
2020-01-13,8121.92566762127,143.910222209234,,,1442610887.81786,,,0
2020-01-14,8830.16787346581,166.047976914085,,,5488577279.71819,,,0
2020-01-15,8811.44820251315,165.85377936879,,,4276007143.4959,,,0
2020-01-16,8718.68699801286,164.052933255406,,,2679418644.1477,,,0
2020-01-17,8912.54190414962,171.034402337814,,,3669705640.10839,,,0
2020-01-18,8928.1807565751,175.074978375219,,,2327249026.65105,,,0
2020-01-19,8687.35483664524,166.791822443016,,,3776303430.89513,,,0
2020-01-20,8636.2587862069,166.927411046172,,,2145628154.66481,,,0
2020-01-21,8730.86756019871,169.171668731736,,,1890398954.69724,,,0
2020-01-22,8647.90047399182,167.545226271186,,,1635103228.87982,,,0
2020-01-23,8366.38461396844,162.156525599065,,,2453926186.98359,,,0
2020-01-24,8423.39095815313,162.247590707189,,,2070431546.63823,,,0
2020-01-25,8344.77456896552,160.521455172414,,,1291608710.61797,,,0
2020-01-26,8573.87480958504,167.159112974868,,,1538174485.09648,,,0
2020-01-27,8901.95928486265,169.934313676213,,,2688053085.4901,,,0
2020-01-28,9297.3883176505,175.276188486265,,,4264458654.16236,,,0
2020-01-29,9311.94754354179,174.676776680304,,,3430011578.12039,,,0
2020-01-30,9508.92096493279,184.256748977206,,,3631946262.53472,,,0
2020-01-31,9357.28478240795,180.163670368206,,,2904868261.04128,,,0
2020-02-01,9381.88602863822,183.562507656341,,,1839937615.43724,,,0
2020-02-02,9339.38706312098,188.398108533022,,,2676907925.2753,,,0
2020-02-03,9279.81252051432,189.341644067797,,,2840504498.26668,,,0
2020-02-04,9161.62719772063,188.276665984804,,,2850859566.71171,,,0
2020-02-05,9628.13677586207,205.125087901812,,,3802777133.93842,,,0
2020-02-06,9739.2804364699,212.849642723553,,,4027336370.03203,,,0
2020-02-07,9800.27939982466,222.863079719462,,,3204016496.95045,,,0
2020-02-08,9911.29340841613,223.973379602572,,,3152523510.1564,,,0
2020-02-09,10151.0832026885,228.467053126826,,,3476114931.16888,,,0
2020-02-10,9872.36187305669,224.139831618936,,,4010514552.22661,,,0
2020-02-11,10272.2225558738,237.649539333723,,,4370445351.24182,,,0
2020-02-12,10360.1352229106,266.649455289304,,,4744741905.31054,,,0
2020-02-13,10235.4973226184,267.940001870251,,,5975938489.19516,,,0
2020-02-14,10361.6156901812,284.830649094097,,,4085105103.35771,,,0
2020-02-15,9911.72432700175,265.033846464056,,,4666240169.01034,,,0
2020-02-16,9952.04661157218,261.128690531853,,,4544928856.34677,,,0
2020-02-17,9683.0796277031,266.608233372297,,,5180150978.57692,,,0
2020-02-18,10195.3037904734,283.564988310929,,,4948194712.68366,,,0
2020-02-19,9636.00229865576,261.077341028638,,,4862622064.37049,,,0
2020-02-20,9614.03012244302,258.631871011105,,,4187890598.32206,,,0
2020-02-21,9701.79750268849,265.90940414962,,,3341448919.96072,,,0
2020-02-22,9675.24905756868,261.763375803624,,,2341150366.34234,,,0
2020-02-23,9972.84242308591,274.979647574518,,,3245500485.5733,,,0
2020-02-24,9648.00788310929,264.367167504383,,,4226843640.64124,,,0
2020-02-25,9344.28714009351,248.53713220339,,,4091015797.03447,,,0
2020-02-26,8798.88894856809,225.706557159556,,,6124355982.69872,,,0
2020-02-27,8779.02948188194,226.398922033898,,,4860025970.99748,,,0
2020-02-28,8750.59344599649,228.673918468732,,,4506608793.56028,,,0
2020-02-29,8582.09029964933,220.10229421391,,,2947746000.60964,,,0
2020-03-01,8541.77389392169,218.6236685564,,,3234798108.79794,,,0
2020-03-02,8906.21475645821,231.194931618936,,,3921850001.48672,,,0
2020-03-03,8768.81061420222,224.283570017534,,,3911022772.22784,,,0
2020-03-04,8756.36957218001,224.156026826417,,,3138594241.88442,,,0
2020-03-05,9062.61580274693,227.813605844535,,,4079056538.43616,,,0
2020-03-06,9147.08505897136,244.330236002338,,,3746557594.77612,,,0
2020-03-07,8898.30695675044,238.059852600818,,,3316351227.84808,,,0
2020-03-08,8109.61454114553,202.765954997078,,,5311311006.69016,,,0
2020-03-09,7896.38531987142,200.151101052016,,,6238428933.15671,,,0
2020-03-10,7909.92787545295,200.851090531853,,,4567592870.36193,,,0
2020-03-11,7939.34133477499,194.236009351257,,,3964967872.16105,,,0
2020-03-12,4959.31341437756,110.32820163647,,,13366235386.9683,,,0
2020-03-13,5627.69238836938,134.759985680888,,,14476814736.8663,,,0
2020-03-14,5145.17250642899,122.078151256575,,,5175435700.14999,,,0
2020-03-15,5358.61066335476,123.754734073641,,,4580207438.17169,,,0
2020-03-16,5012.92738778492,110.34905873758,,,7244839899.35219,,,0
2020-03-17,5416.7547106955,117.783463763881,,,5060493867.13159,,,0
2020-03-18,5392.48783594389,117.683343658679,,,4667754474.05878,,,0
2020-03-19,6203.5516320865,137.357502980713,,,6887602398.47735,,,0
2020-03-20,6174.14947603741,131.532323261251,,,8285697834.78706,,,0
2020-03-21,6175.83102220924,132.511633430742,,,4679655012.11699,,,0
2020-03-22,5830.56097960257,122.442055523086,,,4553880996.19977,,,0
2020-03-23,6486.40865733489,135.589770601987,,,5977730203.59381,,,0
2020-03-24,6775.05761893629,139.414792226768,,,5874051905.74271,,,0
2020-03-25,6689.96901285798,136.095511981297,,,5114509892.43275,,,0
2020-03-26,6754.46033606078,138.608215488019,,,3140004022.20632,,,0
2020-03-27,6490.79541502046,133.681614728229,,,3804237825.11974,,,0
2020-03-28,6231.81989023963,131.027766510812,,,3771661815.12218,,,0
2020-03-29,5904.85758679135,125.178745470485,,,2788915941.83686,,,0
2020-03-30,6436.90570017534,132.902320514319,,,4076971595.72927,,,0
2020-03-31,6432.3832421391,133.508133372297,,,2845641020.86354,,,0
2020-04-01,6643.11000870836,135.85480654588,,,3796518725.53918,,,0
2020-04-02,6792.74222209234,141.151746639392,,,5714292146.35548,,,0
2020-04-03,6751.90255178258,141.727211279953,,,4541450675.29775,,,0
2020-04-04,6859.98916867329,144.336282700175,,,3243936438.34619,,,0
2020-04-05,6790.81247264758,142.972632963179,,,2323036177.11252,,,0
2020-04-06,7298.17374517826,169.609724313267,,,5222248328.8484,,,0
2020-04-07,7187.59333664524,164.21725949737,,,4907166254.3004,,,0
2020-04-08,7372.19476399766,173.294784336645,,,3847467824.16913,,,0
2020-04-09,7299.57918790181,170.28360490941,,,3043576975.15171,,,0
2020-04-10,6859.82267475161,157.550598188194,,,4395260936.6177,,,0
2020-04-11,6883.18222895967,158.431649327878,6244287.603841352,,2549475830.32144,33032229.2035292,,0
2020-04-12,6978.66628661601,160.649303331385,7247081.666323752,,3099397086.14627,22963138.8631358,,0
2020-04-13,6863.57553319696,157.198628579778,6272480.380791288,,3869390027.62886,11282083.66568,,0
2020-04-14,6875.53850344828,159.006158445354,5365156.692380488,,3117543559.08409,11222990.8362398,,0
2020-04-15,6625.47577510228,152.951140736411,5126711.21727128,,3052769011.1621,7163281.30188479,,0
2020-04-16,7127.79228223261,172.970440327294,5527442.69576492,,5365959878.03098,15590541.0914411,,0
2020-04-17,7081.39519842197,172.23222063121,5305312.182146792,,2750585923.5466,3730890.92250339,,0
2020-04-18,7262.79234360023,188.109414903565,5434540.875572112,,2719373298.145,3494687.33209122,,0
2020-04-19,7150.2442154588,181.230814377557,4849761.633956856,,2533635490.63048,3671964.12021414,,0
2020-04-20,6853.27341478667,171.013763296318,4280073.5720132,,3995765172.79067,3374177.16542403,,0
2020-04-21,6870.42369865576,171.489232904734,4658443.318301376,,2713723357.67887,4018222.60560129,,0
2020-04-22,7123.65691992987,182.581804178843,5499779.397580152,,2798450278.68825,11534179.4958252,,0
2020-04-23,7488.60516528346,185.6463264173,4978498.558267552,,4969052478.39676,7730124.46386938,,0
2020-04-24,7506.44331648159,187.621841320865,5004329.822721864,,3432459182.73215,3006719.1686121,,0
2020-04-25,7537.73820911748,193.785201928697,5193335.980870568,,3069445311.63847,1987828.39240475,,0
2020-04-26,7684.06852168322,197.062440268849,5098060.873943408,,3320337864.89068,2305666.80546405,,0
2020-04-27,7777.49151858562,196.565708679135,4580825.119326544,,3800986181.30272,2747726.50707856,,0
2020-04-28,7769.89969842197,197.466412565751,5276816.276521088,,3234753708.51146,5581719.14122086,,0
2020-04-29,8761.83716954997,215.38395207481,5925553.234311432,,9186522631.71958,6524512.77194244,,0
2020-04-30,8652.4109912332,206.88486528346,5609154.41307072,,11352907435.788,3343428.89777247,,0
2020-05-01,8855.53525827002,212.713617767387,5765264.157688208,,5291887860.75246,2120988.4481302,,0
2020-05-02,8977.28170537697,214.133870601987,5693429.792564704,,4126625331.99425,1384880.2111001,,0
2020-05-03,8896.7956383986,210.090575306838,5471060.257334048,,5718428766.05045,1442217.37828541,,0
2020-05-04,8881.95430450029,206.961926592636,5344670.476877264,,5607174502.70615,1732484.81793211,,0
2020-05-05,8985.8795993571,204.885417007598,5179119.716206848,,3963639147.1476,1057994.36722543,,0
2020-05-06,9266.8130730567,202.736075569842,4999265.386048912,,5157035363.87821,980966.712861711,,0
2020-05-07,9993.75317685564,212.990972822911,4848004.407672976,,7581969202.44484,1608912.77618112,,0
2020-05-08,9859.32360461718,212.413128872005,4873502.726268432,,5554812524.42105,831069.924404873,,0
2020-05-09,9577.33892238457,210.774871127995,4862699.033311736,,4643676809.67182,507189.838226161,,0
2020-05-10,8715.03329322034,187.542486849795,4300365.016894032,,8500071686.55497,845256.145138312,,0
2020-05-11,8591.65288433665,185.715372296902,4131295.797333928,,7456934923.50977,755963.773472403,,0
2020-05-12,8817.25068112215,189.818459438925,4291770.2915178,,4111411992.93367,651937.255639391,,0
2020-05-13,9322.99720204559,199.938022559907,4423010.818349488,,4362094792.34368,817197.270602591,,0
2020-05-14,9801.26948772647,203.532877030976,4583389.819401712,,6431682260.38827,519057.360808334,,0
2020-05-15,9326.87585891292,195.121980303916,4459485.723208088,,5840354085.63581,292995.820663076,,0
2020-05-16,9395.4753893045,200.819766218586,4778039.082088272,,3435498359.85612,586819.466975933,,0
2020-05-17,9682.5324811806,207.07257685564,4926470.851363544,,3968234936.70125,1235810.81957694,,0
2020-05-18,9726.85002209235,214.748162478083,5214709.807336496,,4436550061.16491,1518365.87539858,,0
2020-05-19,9754.20146201052,213.820466744594,5018408.063210736,,4248966857.10153,650891.199381047,,0
2020-05-20,9515.702550263,209.804793103448,4655488.143231672,,4532055904.44459,753340.839723296,,0
2020-05-21,9068.80122933957,198.91755698422,4845477.796992304,,5557900161.863,1118866.66080731,,0
2020-05-22,9161.81503389831,207.063677673875,5086561.528854536,,3638316508.35465,1775069.38703904,,0
2020-05-23,9183.66212507305,206.906197253068,4859556.143624592,,2736502170.99486,950375.641258443,,0
2020-05-24,8806.23065715956,202.376306370544,4418578.904915104,,3825487643.11112,1330994.7238062,,0
2020-05-25,8909.19258153127,204.292245002922,4817501.435616392,,3541343532.47767,2800323.1203921,,0
2020-05-26,8835.13725336061,200.86048918761,4597116.998537456,,3305448328.17219,1141480.40855422,,0
2020-05-27,9169.05743921683,207.498003798948,4720446.968687976,,3702378630.96774,965203.815962798,,0
2020-05-28,9568.26185300994,219.378571011105,4605162.443582504,,4137765259.62702,1100954.98755449,,0
2020-05-29,9432.41333343074,220.784826300409,9469174.196604175,,3525104046.7792,469467.617979363,,0
2020-05-30,9691.68049117475,243.572401285798,9579245.702479923,,3763541398.60772,822995.150491331,,0
2020-05-31,9433.94384663939,231.444047457627,9361901.182454873,,3474339147.35064,362580.743355442,,0
2020-06-01,10199.1350542373,249.07495295149,9445248.937696105,,4968823398.21152,523457.840264307,,0
2020-06-02,9512.34653302163,237.179632554062,9276198.282973217,,6727087397.78017,504790.945313573,,0
2020-06-03,9642.27340035067,243.934139450614,9596191.180879751,,3139812878.6334,565042.256111623,,0
2020-06-04,9813.36067913501,243.647765984804,9587138.559756389,,3634131815.39088,514749.377397678,,0
2020-06-05,9641.8916225599,240.312976037405,10786320.666323189,,3443549819.84625,3829635.26039176,,0
2020-06-06,9668.67053857393,242.019700292227,10159990.14679507,,2175047887.47868,1242698.26324702,,0
2020-06-07,9747.58011104617,244.384643483343,10026851.024105376,,3330965867.39172,384912.919955647,,0
2020-06-08,9769.34236148451,245.968303565167,10915650.739694651,,2683474966.60339,1009399.75751135,,0
2020-06-09,9779.42216566335,244.326140970193,10746216.480205713,,3118033822.11643,569870.182183322,,0
2020-06-10,9888.44417469316,247.704879544126,10584732.567569574,,3552721602.0347,711218.330292504,,0
2020-06-11,9277.45116931619,230.904400935126,9340599.142357957,,5796695433.784,748479.675715475,,0
2020-06-12,9456.16153331385,237.162442723554,9709771.60995983,,3106910922.92972,591569.461615195,,0
2020-06-13,9461.33379865576,238.090407890123,9970712.191613682,,2144632931.31402,409979.785076984,,0
2020-06-14,9342.955635301,232.137277089421,9561232.523881732,,2052005209.98647,505013.244043379,,0
2020-06-15,9441.38321127995,231.19783974284,9343617.520786528,,4361482084.73905,488531.384976111,,0
2020-06-16,9520.09194827586,235.136621215663,9536020.39978508,,3193990409.56566,278726.826318976,,0
2020-06-17,9448.69356060783,233.687851022794,9535924.77072233,,2940830452.53905,307503.700228046,,0
2020-06-18,9389.99076639392,231.331098889538,10140154.380119355,,2603703127.95449,950907.899133668,,0
2020-06-19,9285.99158293396,228.77822402104,11228499.292281138,,3017673928.86154,6600232.21431722,,0
2020-06-20,9357.29246446522,228.919830800701,10659173.694237258,,2433393778.68505,1314475.27331592,,0
2020-06-21,9284.76937182934,227.579033606078,11084643.66126718,,2107628935.06248,1898221.61158059,,0
2020-06-22,9684.62018474576,243.220758153127,12025128.710132524,,3582129837.9513,1088183.69940757,,0
2020-06-23,9611.72599824664,242.92121899474,11658191.249586614,,3040667558.37755,930750.302982774,,0
2020-06-24,9292.94354354179,234.823753360608,12162188.230774255,,3577212264.66314,2339880.31522343,,0
2020-06-25,9247.12143249561,232.421420689655,11759432.713624194,,3308709599.50332,1413617.95554069,,0
2020-06-26,9159.43777206312,229.694167387493,12175054.39027912,,3026975836.16681,1216692.20735655,,0
2020-06-27,9002.16561718293,220.699442022209,11753746.174881447,,2719759943.51073,1225407.77445747,,0
2020-06-28,9108.06567457627,224.443460666277,13124521.193731071,,1909265618.75759,2969025.41903448,,0
2020-06-29,9184.24736627703,228.02034137931,14088286.929999849,,2378789004.99528,1620613.03487983,,0
2020-06-30,9143.96758530099,225.722754821742,14331239.398507372,,2201342726.1949,3680057.98434738,,0
2020-07-01,9241.33961239041,231.145918468732,13744493.675393924,,2224241959.58315,1314532.6583774,,0
2020-07-02,9094.38728679135,226.701505376973,12807616.677865293,,3006025710.05182,1316713.43797394,,0
2020-07-03,9066.69069661017,225.098854763296,12698039.837036436,,2118621393.02984,681415.565974811,,0
2020-07-04,9126.21955493863,228.866272063121,12889381.6115762,,1626143412.73689,1144973.22833702,,0
2020-07-05,9079.61401808884,227.667268264173,11428736.964413935,,2040103000.76961,3379003.97238047,,0
2020-07-06,9338.94259117475,241.179081239042,11720896.475726193,,3375906866.54853,667798.834603322,,0
2020-07-07,9252.15873261251,239.013429573349,12414255.9729842,,2525928727.50098,1265258.52503666,,0
2020-07-08,9434.56795645821,246.8441157218,13123471.705848824,,3630921456.79885,1753428.77035212,,0
2020-07-09,9231.50234751607,241.651818585622,14021382.808851428,,3151786399.65262,2053978.61394139,,0
2020-07-10,9285.22101542957,241.033700116891,15095653.714339323,,2630661874.10128,1285899.26249727,,0
2020-07-11,9237.17100818235,239.307040619521,15263671.933526026,,1872336552.0097,1161789.66647567,,0
2020-07-12,9289.09797691408,241.309591174752,16786258.33412031,,2116884674.12795,4116997.74851174,,0
2020-07-13,9236.62250116891,239.326373816482,19472719.54640205,,3166167995.68657,3307623.96313482,,0
2020-07-14,9260.3569868498,240.638817942724,19836048.172795225,,2775746659.50212,1560725.33846641,,0
2020-07-15,9196.72555897136,238.38143962595,22487276.392737564,,2429723564.18,2589033.65401676,,0
2020-07-16,9132.59231209818,233.549674108708,17607691.700419586,,3053445615.22464,8720459.68066593,,0
2020-07-17,9156.46870976037,232.845427235535,19721741.19815093,,2006387054.28248,7888255.9020279,,0
2020-07-18,9175.90530859147,235.909914962011,20625526.355379287,,1723259009.16068,1667890.32453903,,0
2020-07-19,9218.84231081239,239.358145821157,19673138.061467454,,1719882455.39471,1206191.86342155,,0
2020-07-20,9167.19056750439,236.361256282876,18602726.18804348,,2397252730.66427,2082164.32982249,,0
2020-07-21,9388.57434979544,245.250595441262,21060974.172479376,,3355734924.16751,2821423.08611694,,0
2020-07-22,9531.2574301578,264.199169491525,22212715.7724704,,2972937920.60075,4011152.87067414,,0
2020-07-23,9609.16671537113,275.223812536528,23622978.782469586,,3378854363.94777,1773527.50712063,,0
2020-07-24,9548.1007270602,279.907534424313,22252993.86616712,,2834815229.27246,933714.759971555,,0
2020-07-25,9702.45279047341,305.402152542373,28581445.27388513,,3015957028.18887,8267662.68114215,,0
2020-07-26,9933.90655423729,311.039973524255,35764510.87141275,,4421893706.67798,7176020.63628465,,0
2020-07-27,11046.5083295149,323.233886908241,39490788.041444674,,10075835018.0543,29329737.9064765,,0
2020-07-28,10944.6129789012,318.015537200468,41684128.56199417,,7290100971.89766,6687834.6673053,,0
2020-07-29,11115.7712819988,318.025945938048,38376669.23502784,,5674215599.32637,9180024.65693703,,0
2020-07-30,11135.3907261835,335.964082875511,41086010.65236357,,4572107089.23198,3668223.76362702,,0
2020-07-31,11338.1973407949,346.179992285213,37541047.13324222,,5111956575.11209,3211322.17595213,,0
2020-08-01,11797.5821265342,387.185885447107,37552023.6171224,,6177396781.92531,2656926.05260468,,0
2020-08-02,11094.0206841321,372.180671654004,42258703.16483463,,8042803957.9111,4246770.91828252,,0
2020-08-03,11236.0956805377,385.487812390415,43976285.46530614,,4530420087.00163,3800523.52478972,,0
2020-08-04,11202.651909059,390.662864699006,46569310.30290089,,4582583632.28331,3844109.81081292,,0
2020-08-05,11721.4384715956,400.601196084161,43259863.955935806,,5476661103.44077,3605443.80891292,,0
2020-08-06,11769.3091081239,393.995932495617,53978768.85963624,,5171395730.95226,7953439.12854303,,0
2020-08-07,11598.9690585038,380.330053886616,53510990.33173819,,5346299785.43822,5695859.18568277,,0
2020-08-08,11743.0086350088,392.360176504968,65447429.75379876,,3496783790.29145,7881277.88252226,,0
2020-08-09,11680.5173661601,389.183157393337,70853044.8951226,,3595004523.46299,8936473.29904314,,0
2020-08-10,11870.3695447107,395.407852425482,83048729.66793111,,6257765791.4415,18192692.5138232,,0
2020-08-11,11392.6440884278,379.111338983051,90715773.73112775,,6445692038.06616,31094839.7512694,,0
2020-08-12,11575.5124736996,387.208174751607,105560074.30228284,,5253894552.29037,22698301.2754668,,0
2020-08-13,11773.4481155465,424.799460081823,105960201.2372635,,5946728846.18701,23624006.0892267,,0
2020-08-14,11774.4082518995,438.076865575687,99445983.62185425,,4934489584.77629,15452800.3072872,,0
2020-08-15,11866.9103613092,432.609198421976,95481724.97042874,,4894124536.91719,10719222.3558671,,0
2020-08-16,11899.6427535944,432.939172822911,100748668.38858736,,4065384658.80209,7200180.53039213,,0
2020-08-17,12315.7624166569,432.841464172998,93266048.06476349,,6991659740.95171,7457824.01014868,,0
2020-08-18,11992.6959962595,423.346332086499,102199602.3029266,,6212405756.81763,25287379.294048,,0
2020-08-19,11736.8490645237,406.879427819988,90066072.7751182,,5669412027.83497,11975166.9423521,,0
2020-08-20,11867.5203439509,416.25978755114,101014230.9577666,,3960260001.31748,10554804.3441188,,0
2020-08-21,11524.6989491525,387.2406050263,92852936.8776949,,5769887118.59231,9487782.90500414,,0
2020-08-22,11682.2891503799,395.912521332554,95295269.69496097,,3921694025.999,7530731.35056377,,0
2020-08-23,11665.6092735243,391.947607364115,103983281.81331556,,2964240032.09168,9014096.02150907,,0
2020-08-24,11771.4080537405,408.792199473992,104260812.96966302,,3381142835.96346,12461715.533125,,0
2020-08-25,11358.4543202805,383.604969725307,102707625.154697,,5186982599.68908,8916143.50341427,,0
2020-08-26,11472.0491204559,386.34381735827,112646120.14584552,,4370060302.519,17406382.7126619,,0
2020-08-27,11314.6737410286,382.349150496785,109318046.641112,,4917859728.6308,17162949.6286565,,0
2020-08-28,11527.8830322326,395.03972980713,128951872.22962828,,3727418019.37774,21912047.6397178,,0
2020-08-29,11490.7623477499,400.368165575687,129713757.75972612,,2988731604.12517,11249834.2154649,,0
2020-08-30,11698.9758329632,428.196437931035,143972133.95255136,,3614525900.71058,18367131.7053831,,0
2020-08-31,11678.3482268849,436.09076943308,155636948.37123725,,4124005507.51808,14412780.8075224,,0
2020-09-01,11970.364856166,480.749175862069,142640639.59678173,,6235953338.91706,13053171.9577627,,0
2020-09-02,11414.5209336645,441.214134132087,135153105.5779564,,7025800489.14262,18216955.7555621,,0
2020-09-03,10261.4944095266,383.542584979544,117258130.8065646,,8710778044.9417,25175162.7057643,,0
2020-09-04,10471.9664133255,386.66907597896,118139183.92753436,,7045920627.2905,14550735.3547823,,0
2020-09-05,10128.64358609,331.420088544711,86735270.57274534,,6904836212.52442,22912513.0474763,,0
2020-09-06,10253.2998980129,353.227129573349,103555762.86053264,,4274065812.73428,15941453.400136,,0
2020-09-07,10367.8783543542,352.806469023963,97685400.74192256,,4271438853.27548,12831484.7365434,,0
2020-09-08,10108.6354501461,336.716558094682,84542482.32725206,,4567489668.0815,7945446.74318643,,0
2020-09-09,10223.1114091175,352.053948568089,120203538.8691846,,3159599982.65836,43093344.8602439,,0
2020-09-10,10334.6307302162,367.380867621274,118237811.85985725,,3867715393.22439,27379619.7149436,,0
2020-09-11,10387.0207419638,373.966615780245,119911240.14028049,,3076203762.06351,12862655.0935049,,0
2020-09-12,10436.9778322618,386.216055055523,117125372.8373966,,2628714916.62974,7064262.25941292,,0
2020-09-13,10322.5236148451,365.641607831677,112971783.13262507,,3361747341.41226,12042327.8301281,,0
2020-09-14,10662.719912332,375.801003682057,115051965.96522968,,4023707662.66782,17541493.228781,,0
2020-09-15,10779.3810249562,363.936595733489,106770575.86449692,,4122114630.89057,9368678.32204424,,0
2020-09-16,10968.3205465809,365.322076212741,93079396.58905408,,4160254676.76988,21513101.0241567,,0
2020-09-17,10936.2927505552,389.446111046172,106826909.0979833,,3851491921.28269,18711931.0541783,,0
2020-09-18,10920.1128439509,382.261676271186,114702550.42201002,,3459102100.3458,18989605.0841192,,0
2020-09-19,11073.7795478083,385.246569666861,112846734.8484447,,2609652848.52773,7693496.06637118,,0
2020-09-20,10921.2180998247,371.207025715956,106912427.9957194,,2710721791.71621,6256014.16217173,,0
2020-09-21,10455.3799623027,342.456390473407,104281863.21674412,,4410493000.68902,15290005.4239952,,0
2020-09-22,10519.8391641146,343.503662536528,110131001.49337976,,3210633991.65678,15226596.633053,,0
2020-09-23,10233.2995687317,320.588590882525,107503326.61064708,,3248613100.93573,11697991.2221398,,0
2020-09-24,10739.0427094097,349.144016014027,119016591.69510458,,3442718828.46181,13202606.2806868,,0
2020-09-25,10683.6305806546,351.713962361192,121215629.63933226,,3126334561.1697,10521366.4237554,,0
2020-09-26,10742.0304202221,354.601045762712,120196233.23850982,,2215752882.95837,6232144.70429784,,0
2020-09-27,10758.8242899474,356.121992752776,122360444.38538608,,2223792987.89894,4857039.55010626,,0
2020-09-28,10727.3750541204,355.45993395675,115223612.02162528,,3265431159.21933,6434784.62632362,,0
2020-09-29,10841.1427444769,359.701439801286,116636091.24133956,,2828750275.49269,4151910.42142624,,0
2020-09-30,10772.351766803,359.976752483928,115928307.55094124,,2627247662.82205,3426752.90470402,,0
2020-10-01,10606.6173325541,352.360856049094,115570032.47044958,,3750289448.1516,6047387.95945544,,0
2020-10-02,10570.1056777908,345.801279485681,106597777.02544507,,3557390483.76448,11576307.7376495,,0
2020-10-03,10555.7054339567,346.652968907072,104840718.51890457,,1796086368.42649,2550433.7172888,,0
2020-10-04,10665.618622443,352.339400233781,103070250.57957044,,1835679192.75064,3258260.03591203,,0
2020-10-05,10772.6355995909,353.191780187025,109921542.04905204,,2349831037.18372,3505205.13941597,,0
2020-10-06,10596.3735493863,340.10351987142,89865250.80085382,,2990765980.82549,6565727.66250443,,0
2020-10-07,10667.1943941555,341.159963997662,95522903.39765328,,2271566458.00362,7789127.40809987,,0
2020-10-08,10902.5293637054,350.527496376388,99696691.39060512,,3167337736.9737,10333611.5555502,,0
2020-10-09,11074.1036797779,366.247890999416,107942249.0596692,,2986893697.03814,7757724.81674125,,0
2020-10-10,11302.8542864407,371.282805143191,102359265.43000774,,2987788351.4691,5160802.4464031,,0
2020-10-11,11378.2625284629,374.145406195207,102638376.05655289,,2036940568.54965,3197084.77906937,,0
2020-10-12,11548.401556692,387.670968731736,109519245.88382564,,3556041211.23286,8011392.95352052,,0
2020-10-13,11434.9687849211,381.544274576271,102142198.4975272,,3027175602.1157,7293699.22762742,,0
2020-10-14,11417.10811391,378.828993045003,100373205.99601965,,2771506892.91783,5786498.61067368,,0
2020-10-15,11502.5812390415,377.502910286382,98677228.39113288,,3067485935.68103,4351397.01404973,,0
2020-10-16,11338.9871765634,366.299949853887,93655058.76480232,,3249427835.72013,10001215.5133962,,0
2020-10-17,11362.8022174167,368.318269374635,95623625.58975852,,1625241130.8055,3259467.47233602,,0
2020-10-18,11489.6225650497,377.921652425482,96222988.17002408,,1531337286.31059,2886928.02997272,,0
2020-10-19,11745.8119675628,379.463028462887,89522183.21628672,,2870143020.72133,4662591.93273832,,0
2020-10-20,11929.4572507306,368.843862653419,82272912.35424095,,3857836587.8951,9585981.69226032,,0
2020-10-21,12848.4906177674,392.473164231444,82608280.44235682,,7236896676.17285,14955081.7871732,,0
2020-10-22,12997.4993417884,414.43640578609,85760909.67393106,,5008416311.29855,7888865.03118274,,0
2020-10-23,12953.4296969608,409.339998597312,86775702.24482824,,3363255970.38538,6794209.75647845,,0
2020-10-24,13113.8669231444,412.26885710111,85285940.07306871,,2455061136.42868,3601659.63651273,,0
2020-10-25,13041.6410374635,406.742800642899,79837987.49242218,,2875957287.27876,5499142.53975315,,0
2020-10-26,13080.6561698422,394.010756575102,75546956.89565949,,3742981748.47876,8478893.04680684,,0
2020-10-27,13675.5239275278,404.045446814728,77431454.64891447,,4875743148.26962,9249384.49770861,,0
2020-10-28,13290.3288497954,388.90336364699,69617573.03467496,,5577251059.26953,13414053.7122619,,0
2020-10-29,13475.2173007013,386.788421098773,65615233.271892734,,4132842465.10589,5300685.66574796,,0
2020-10-30,13603.2960908825,383.596369959088,66137031.975055285,,4410500960.88429,5596442.10795527,,0
2020-10-31,13807.2336110462,386.585236119229,70667540.02253394,,4184871491.86757,3625009.11248883,,0
2020-11-01,13736.89941128,395.57778264173,73496120.30768393,,2563332845.87856,4043887.85031296,,0
2020-11-02,13595.5647603741,383.848317066043,67684222.48713087,,3903014877.51626,3570520.65223861,,0
2020-11-03,13996.915398597312,388.5481997077732,65030781.42252717,,4126122088.82127,3819352.08707563,,0
2020-11-04,14129.148195499703,401.7956138515488,63998216.43123729,,5224413647.15905,8294549.12410034,,0
2020-11-05,15606.46683372297,416.99735464640565,64342094.78333466,,8475648431.08715,6637776.77583838,,0
2020-11-06,15618.972471361778,456.4478808883693,88232646.83002295,,7772221027.42281,17933231.9929359,,0
2020-11-07,14866.356304500296,436.77211285797785,94241052.69325534,,6693204512.96342,49410534.9730685,,0
2020-11-08,15500.000707188785,455.37572986557575,99048274.1177826,,4025698910.69274,22359155.5417428,,0
2020-11-09,15319.819972530682,444.5479997077731,93107940.2721386,,6540569221.07942,15052069.8068005,,0
2020-11-10,15319.27567621274,451.5016406195208,104682919.42378356,,4335685041.74519,13279310.5707383,,0
2020-11-11,15731.241105786092,464.2159424897722,92145479.82382092,,4964506024.12854,12072868.9337535,,0
2020-11-12,16289.814897720637,462.866499824664,86803215.31351689,,6611644604.4924,9118170.05243057,,0
2020-11-13,16330.06276797195,476.57134097019286,92602316.11731744,,5116544845.09606,9063402.5803733,,0
2020-11-14,16102.010016949156,462.5514587960258,88389832.31521977,,3917211506.01662,6108750.39263191,,0
2020-11-15,15986.7549905903,449.3456436002338,93735612.6689101,,3040536892.10764,16545013.8719735,,0
2020-11-16,16743.05393980129,462.2547316189363,104266741.74246608,,5189826755.65897,19010065.7788864,,0
2020-11-17,17682.16918702513,482.6950050263004,101148306.87795222,,7551317122.20966,14166998.4902878,,0
2020-11-18,17804.690023962594,479.4918066627703,97435312.55304772,,10779363842.76,11276361.4498333,,0
2020-11-19,17818.668662185857,471.1500233781415,95106252.7362704,,6462946319.45388,7624586.19857965,,0
2020-11-20,18663.78185312683,509.56297720631215,97045955.34613176,,6750489220.16399,8693750.15579159,,0
2020-11-21,18706.58933541788,547.3534804208066,109058132.03542824,,6785620326.8562,16614854.7219963,,0
2020-11-22,18482.692631735823,565.1310609000584,99412103.78762664,,7346263782.62304,13855368.7733976,,0
2020-11-23,18373.2577597896,607.2141186440678,104915226.71928492,,7718077488.31857,12562315.5778356,,0
2020-11-24,19150.251048509646,604.573530742256,104090611.46546036,,12325386785.8557,21626693.9239336,,0
2020-11-25,18748.393713033314,568.2473562828757,104012038.15329991,,8999814817.71017,20857646.2823211,,0
2020-11-26,17113.716871420223,518.3973562244302,87397516.34387772,,14891431568.6746,29365453.2990834,,0
2020-11-27,17101.603018059614,517.041817182934,85306961.87909709,,6551436444.87703,10860298.3137564,,0
2020-11-28,17745.377312448858,540.829210052601,87021002.67168178,,4856326749.7583,9238782.62046228,,0
2020-11-29,18190.866880420806,574.8735552308593,88081285.81824803,,4291577394.35089,4343908.6591776,,0
2020-11-30,19664.407606662764,613.469492402104,90640464.89384612,,9336053923.19992,6032146.49467811,,0
2020-12-01,18820.60778959673,588.2515552308593,91723438.29158856,,10471096208.4682,10206639.5927129,,0
2020-12-02,19214.87222904733,598.9264098188193,97979314.43649566,,6153331910.95779,13374030.6134413,,0
2020-12-03,19470.31120806546,617.5542700175337,97106649.89090632,,5091409816.35312,18470748.144803,,0
2020-12-04,18732.967090999413,572.1771762711863,86236547.50702192,,5829092650.59244,8617022.51491859,,0
2020-12-05,19114.633130917588,594.9156954997078,91336936.36198814,,3254739237.63439,6741425.19263982,,0
2020-12-06,19356.3136767972,602.2467767387493,85620207.71228129,,3229392894.74374,7102955.12373889,,0
2020-12-07,19182.176832846293,591.8200952659263,84654738.7599713,,3778567288.48577,7196657.8607057,,0
2020-12-08,18340.97813769725,554.318545295149,77221232.81231855,,5748170702.66898,12546230.2029694,,0
2020-12-09,18574.69673524255,574.2140723553478,77126901.68599828,,6704630606.67152,11464318.7578739,,0
2020-12-10,18294.84695149036,560.4503168907073,73043422.53468022,,4548937014.76317,5893854.85503374,,0
2020-12-11,18061.760025716,545.483657510228,67098476.54380361,,5618179598.31854,6982717.40086427,,0
2020-12-12,18813.2837685564,568.545423261251,69170381.0764852,,4177318635.91882,5837872.5902155,,0
2020-12-13,19156.0825055523,590.522730625365,72341882.93619542,,4702394492.5077,6920373.02932748,,0
2020-12-14,19286.7512992402,586.470181297487,73634573.59137274,,3976715172.60648,7036253.9465884,,0
2020-12-15,19432.5884640561,589.000816832262,80964406.33294214,,5315138497.3742,18441885.3905616,,0
2020-12-16,21370.7203186441,636.205011104617,82545870.43703248,,11126241224.6544,16034198.4685174,,0
2020-12-17,22789.2674160725,642.788150204559,78020180.31310841,,19108269897.9874,13245749.5900644,,0
2020-12-18,23048.7645610754,652.01013056692,79059828.71132879,,9213119018.34431,6132764.46000291,,0
2020-12-19,23856.7735192285,659.714045002922,77849610.91614541,,9163637155.23746,7365753.86721021,,0
2020-12-20,23528.5506135593,638.561923436587,72801693.89623158,,8454934186.7889,7522056.29086448,,0
2020-12-21,22937.4183435418,612.546497369959,72025440.64152253,,11211591722.1442,6543141.59551523,,0
2020-12-22,23756.8887685564,634.17585622443,69516213.09451652,,9140007358.7985,9643270.68849277,,0
2020-12-23,23307.2709018118,588.508848042081,56299211.89662536,,12721809221.714,16254571.3109318,,0
2020-12-24,23707.6330440678,611.893571595558,63326278.15676084,,8337203817.75333,7626375.96607843,,0
2020-12-25,24669.1643220339,625.840292518995,67275815.2480199,,9346292537.24743,7079426.29560451,,0
2020-12-26,26478.0681052016,635.806854120397,61736626.8332569,,11051126870.2142,5179770.40512803,,0
2020-12-27,26430.8565971946,688.480685447107,61365034.22478988,,17473047605.8296,9928895.62635989,,0
2020-12-28,27039.3490199883,730.518296902396,70344725.32312712,,10709321904.3681,10200416.5841662,,0
2020-12-29,27231.2034552893,731.936295733489,77415209.71175234,,9918168605.94224,22873373.9411317,,0
2020-12-30,28844.6136781999,751.208063705435,71492892.37830806,,12265538792.7912,12005390.3595936,,0
2020-12-31,29022.6714126242,739.025849853887,70328922.85151228,,11714077241.2122,11723996.7543349,,0
2021-01-01,29380.6937327878,730.91432063121,85827028.59827167,,9450317324.32042,22122508.293793,,0
2021-01-02,32022.6810578609,775.296622443016,84096226.01783957,,19275276094.9514,28442985.7039278,,0
2021-01-03,33277.8353050848,990.365324956166,100016233.91887544,,20918553384.1347,49182306.7766335,,0
2021-01-04,31802.1467136178,1030.31844886032,114388479.57764204,,24587885693.8719,47789374.3044321,,0
2021-01-05,34013.1741724138,1101.55981414378,100504159.86532368,,19341178341.2571,44185721.8525601,,0
2021-01-06,36643.2777223846,1199.35239976622,90642185.65589224,,22244399399.583,49251064.1846478,,0
2021-01-07,39215.6511490356,1220.21421332554,110198133.506635,,26225614672.6327,146787701.560684,,0
2021-01-08,40775.4045634132,1219.88072121566,837941851.484563,,26336053724.7109,199857866.935293,,0
2021-01-09,40370.6823495032,1286.97022314436,891921191.819294,,15338881653.9841,87298230.8758075,,0
2021-01-10,38329.3401665693,1265.43626750438,906496755.1938767,,23474615973.8932,58740240.4718688,,0
2021-01-11,35269.5137177089,1082.905685564,811539677.7225505,,41586796390.4822,72172133.4959641,,0
2021-01-12,33712.4685452952,1038.8394176505,931796508.9557412,,21983445293.2019,68910739.992961,,0
2021-01-13,37296.5475277615,1127.92676271186,921541820.6851014,,19165646326.0064,52821577.3561581,,0
2021-01-14,39045.518340152,1212.61922150789,855896326.7147477,,17920408994.0238,57797954.8439686,,0
2021-01-15,36710.3174248977,1167.64685096435,852691433.3917563,,20426392042.6295,43462223.4988453,,0
2021-01-16,36177.2610970193,1231.50994839275,900992193.8012608,,15675210591.3304,71829040.09641,,0
2021-01-17,36069.939466803,1242.04924137931,1016634432.2258956,,13619994488.9722,80540952.7463075,,0
2021-01-18,36594.2964018118,1252.15644476914,993286574.5079548,,12503483494.7345,68343105.7074303,,0
2021-01-19,36250.1461893629,1386.08540385739,954651455.6939292,,15120938792.9038,52662147.1665377,,0
2021-01-20,35515.480012858,1367.82303974284,975385115.4890748,,16359828966.5389,41299285.9443276,,0
2021-01-21,31022.9510280538,1132.69443191116,786469643.1452247,,21888844849.6369,43333273.1876568,,0
2021-01-22,32986.4357568673,1235.37204792519,872783366.7069244,,20175607923.3849,54201332.9655896,,0
2021-01-23,32036.2822723553,1232.76174810053,913068465.507272,,10430635979.6313,24102548.0482303,,0
2021-01-24,32216.1042904734,1387.23029631794,946832713.8154426,,9819884980.33452,28535151.6483273,,0
2021-01-25,32419.7059462303,1325.60759380479,968637485.2587376,,15333946503.433,73787659.3222366,,0
2021-01-26,32640.6391426067,1361.84900292227,1054021170.1960416,,13357324914.9335,71013104.8475272,,0
2021-01-27,30358.9347235535,1245.93815055523,964278837.0858335,,16241597200.8282,32349226.7602028,,0
2021-01-28,33511.287595149,1341.7747030976,999839101.7291464,,15645642400.7298,27584162.7362517,,0
2021-01-29,34166.1494259497,1383.40889538282,1004246200.7424845,,39574456080.2929,37563227.7887683,,0
2021-01-30,34349.9170952659,1379.86854237288,1102432492.2992148,,16600114530.5109,46151669.4305684,,0
2021-01-31,33157.8325745178,1317.346364173,1113141762.1557608,,12976482501.0255,74190588.3687823,,0
2021-02-01,33570.2718468732,1369.95499357101,1187632304.6482537,,16374561082.4051,32517349.4025959,,0
2021-02-02,35596.1489094097,1524.16825189947,1377306508.7231116,,14823628008.7872,88846265.5141596,,0
2021-02-03,37578.3732068966,1659.52005435418,1491340068.5853643,,15606560415.0314,65920363.7963111,,0
2021-02-04,37129.2029376972,1608.39752355348,1683436244.3654344,,19116733180.5009,96573455.8265631,,0
2021-02-05,38045.4136084161,1720.47846616014,1740075972.8509045,,15308818847.3662,88894567.7739616,,0
2021-02-06,39341.727081239,1683.70779380479,1598294182.446525,,20513321485.1715,98850086.3078072,,0
2021-02-07,39003.0121817651,1616.04266183518,1747099686.4018211,,17160702288.6827,94401875.8625967,,0
2021-02-08,46121.9340724722,1743.54479135009,2075222825.3200552,,31432419462.1893,134516603.213069,,0
2021-02-09,46548.1619912332,1770.83282057276,2062242386.9855769,,28440259953.3542,111891511.598339,,0
2021-02-10,45078.128350263,1748.21180596143,2361858483.091825,,24820903879.0585,101208462.246602,,0
2021-02-11,47892.8409181765,1785.58308942139,2402846351.7985945,,23286808132.7515,144466623.096209,,0
2021-02-12,47525.2091431911,1846.45420058445,2438555269.793112,,21586913735.7202,80854879.5221742,,0
2021-02-13,47208.6250270602,1819.41280268849,2302393829.5062075,,17442657139.4196,84440625.7497307,,0
2021-02-14,48829.8275096435,1811.5666792519,2309317881.9757047,,19249899358.6027,85250569.7713369,,0
2021-02-15,48110.2417334892,1787.53062191701,2332143709.8748016,,21096659439.9058,98527633.6376127,,0
2021-02-16,49140.3826578024,1780.61989596727,2183500971.0943336,,21335432046.0534,63765720.4399891,,0
2021-02-17,52224.9391139684,1845.23994155465,2169693761.304059,,22358319829.2713,77958005.6180423,,0
2021-02-18,51650.0699485681,1932.41152659264,2370920201.5700016,,18314737926.138,68381268.2810402,,0
2021-02-19,55820.5044038574,1961.02429018118,2982442770.175169,,25092910998.3126,230311648.278389,,0
2021-02-20,55861.8205670953,1912.80253489188,2632318065.43682,,28217266871.2313,150428721.200374,,0
2021-02-21,57500.7161102864,1933.88384745763,2926197618.8580317,,18708459388.3251,129306872.811224,,0
2021-02-22,53952.1533386324,1771.20859848042,3679906251.6413774,,39388103279.6904,490853758.235557,,0
2021-02-23,48560.4890350672,1563.04562419638,3984212422.708912,,46526371341.871,869693486.511878,,0
2021-02-24,49567.3456890707,1616.56383693746,4601753974.647311,,25321339182.5927,511346242.473375,,0
2021-02-25,47568.131170076,1491.46385715956,3691903486.0296926,,21583271559.3656,421448070.378995,,0
2021-02-26,46231.7675784921,1442.30312273524,3605379712.248495,,25277287508.5319,323960019.299089,,0
2021-02-27,45834.5133611923,1454.03216890707,3498659187.542573,,15830469887.1991,244906577.517417,,0
2021-02-28,45359.4641642314,1425.38586674459,3515396858.8770247,,19081524400.4838,290737062.007869,,0
2021-03-01,49634.4471092928,1563.23598036236,3959146204.865072,,20110303019.4889,288846439.941013,,0
2021-03-02,48304.7054879018,1489.87889421391,3679245432.939055,,16812978618.3597,167519117.020637,,0
2021-03-03,50690.4671835184,1584.06700526008,3739392442.5766,,19531539113.5891,142040306.842824,,0
2021-03-04,48472.7954751607,1538.02277644652,3456552110.307085,,19996550499.4409,106658534.221603,,0
2021-03-05,48800.8173594389,1530.84029181765,3322604547.463588,,17979845374.7372,79347198.4681683,,0
2021-03-06,48970.5244868498,1659.83834599649,3441737621.224343,,11505490728.7933,106334971.67608,,0
2021-03-07,51086.4681794272,1719.16063705435,3662991326.940088,,13727281301.296,125663681.241603,,0
2021-03-08,52088.475131502,1826.12504734074,3598675974.5026016,,17545504104.2603,101282375.045498,,0
2021-03-09,54739.1352542373,1862.02863687902,3942704592.9125934,,20361014503.7323,120438974.163711,,0
2021-03-10,56116.040912332,1803.4244905903,3789468107.0731726,,23502069377.485,107690987.65276,,0
2021-03-11,57847.2549357101,1827.71346113384,4250307600.3291855,,23199462602.4404,210219801.802419,,0
2021-03-12,57334.641534775,1768.50364453536,3892430025.570377,,23203616302.4565,175730234.657966,,0
2021-03-13,61288.7941276447,1927.20756627703,4095967444.3242254,,24706813304.7025,129813210.160599,,0
2021-03-14,59905.6184704851,1874.14906195208,3934663312.686074,,16850862034.5541,79663770.27886,,0
2021-03-15,56121.121924021,1796.90510976037,3803310787.61656,,28613141828.3373,92094345.9038626,,0
2021-03-16,56500.4460257159,1796.95172822911,3645129569.1735306,,23487296941.1592,100987094.99422,,0
2021-03-17,58683.0659824664,1818.86739976622,3797786647.0037246,,22044625956.8257,82889839.6156118,,0
2021-03-18,57731.4798410871,1781.64520666277,3808061788.123428,,20817477716.0424,71230441.9360501,,0
2021-03-19,58168.1219222677,1810.37383459965,3782492545.968957,,16610389816.0404,61082421.3434993,,0
2021-03-20,58247.8847066043,1812.74496884863,3813503846.1073136,,15743897952.7917,61524570.1344333,,0
2021-03-21,57447.9330198714,1784.72563880771,3811604458.9012246,,15469283691.0447,56301226.5183522,,0
2021-03-22,54453.1373508475,1689.11376779661,3982678039.9953966,,18924061657.0831,260941177.819951,,0
2021-03-23,54563.6119458211,1671.75213500877,3800307551.9060497,,18496023175.7379,99696794.0993544,,0
2021-03-24,52595.4113237873,1586.88241320865,3663455674.2495856,,22987218159.8325,112391117.83046,,0
2021-03-25,51547.1248953828,1588.93212396259,3469628795.3626423,,21848658813.4611,106840755.842365,,0
2021-03-26,54817.8571122151,1695.66907773232,3936247035.625921,,18092415316.7381,135171448.251033,,0
2021-03-27,56019.8373055523,1718.1190917592,4444961818.66102,,15152316538.6514,209518800.730672,,0
2021-03-28,55713.0381396844,1685.16250900058,4851059565.469501,,15404970756.6555,418615758.237386,,0
2021-03-29,57571.2333477498,1811.1432226768,5057523003.591208,,20483800177.7396,201323962.462964,,0
2021-03-30,58684.5483921683,1840.87399678551,5150871238.575418,,18074211251.7024,256342189.493664,,0
2021-03-31,58792.1948275862,1916.88001928697,5215549536.048317,,21792896947.9598,190547087.024311,,0
2021-04-01,58818.9770985973,1971.24078258329,5122828961.820095,,18989120989.3366,163796592.630636,,0
2021-04-02,59031.5340192285,2134.06883985973,5280584231.932229,,17686083107.4934,117830841.541276,,0
2021-04-03,57282.3896247808,2025.14887843366,6112036883.047592,,18426773174.881,465076189.322826,,0
2021-04-04,58202.199391993,2077.39558153127,6443774854.748782,,14608591985.5455,409615737.348246,,0
2021-04-05,58755.8525295149,2099.52728872005,6149747906.447737,,20262967934.479,251959575.566334,,0
2021-04-06,58084.0664231444,2116.90126201052,6696184012.51416,,22856560763.734,297231884.60328,,0
2021-04-07,56266.8346762127,1985.39789129164,7224169088.478477,,27025560748.5421,644881387.434978,,0
2021-04-08,57963.3445994155,2078.55003594389,7239337927.410685,,16419448505.561,349301816.445072,,0
2021-04-09,58051.7625563998,2066.05360420807,7451027758.973854,,16293864874.6326,268456923.534055,,0
2021-04-10,59651.5589877265,2130.18779029807,7224482515.883966,,23256521477.1765,252850416.879026,,0
2021-04-11,59932.9306469901,2144.37211630625,7508360478.740981,,16590056556.7655,213130454.184222,,0
2021-04-12,59905.9363744594,2142.82890011689,7685177458.669738,,20417025813.5986,289993039.709668,,0
2021-04-13,63445.638314436,2297.89169135009,7455144039.386212,,28455288042.0349,237064908.876841,,0
2021-04-14,62869.4955873758,2430.29892869667,7116357249.901143,,32482863969.6013,318844314.649409,,0
2021-04-15,63231.162987142,2519.58225540619,7516378934.671346,,22339825203.1022,207115646.696236,,0
2021-04-16,61571.1100905903,2428.35284687317,6853982062.376789,,36852258761.1899,224258151.858475,,0
2021-04-17,60280.8761758036,2342.16061426067,6752952165.125918,,25025499034.2899,189215055.844375,,0
2021-04-18,56389.5579812975,2243.48254529515,8787624843.042606,,44097884430.0212,1024895263.80135,,0
2021-04-19,55798.1370771479,2168.6250818235,8596751966.43903,,27045252112.6969,1213212410.17863,,0
2021-04-20,56474.3737586207,2328.50510870836,8642297711.474617,,27099912248.1208,757152700.667469,,0
2021-04-21,54025.7995745178,2363.99523424898,8782419476.538174,,22188021555.1531,711817708.340485,,0
2021-04-22,51882.0598106371,2419.70522676797,10612541350.80484,,33011977721.8938,1571960350.12262,,0
2021-04-23,50954.9100607832,2357.12506639392,9948975122.08595,,37769310886.328,1534678507.23354,,0
2021-04-24,50279.9484464056,2236.58652717709,11128773185.202562,,16585657735.5813,1049735675.84291,,0
2021-04-25,48946.9407428404,2300.55654880187,12911211367.754644,,16274712895.9356,1500307327.80117,,0
2021-04-26,53943.3499783752,2526.05887901812,11972386912.055023,,22768025938.6269,1350278357.16478,,0
2021-04-27,55027.0309848042,2646.34933898305,11730511223.069197,,17322719876.0394,885379829.436391,,0
2021-04-28,54787.3787071888,2740.23064289889,12158556423.273722,,18606631892.8512,979265484.094283,,0
2021-04-29,53567.0811938048,2760.50726008182,11490075123.13811,,17900168869.3207,747693350.454063,,0
2021-04-30,57741.44441654,2770.29005821157,11611800811.839031,,21857098842.5467,501455619.806844,,0
2021-05-01,57863.5903927528,2949.31864056107,13373909175.815697,,15825902332.7937,796723216.209659,,0
2021-05-02,56572.5968410286,2952.47679661017,12745378406.727673,,13420424771.563,543532890.226765,,0
2021-05-03,57243.0416054939,3430.64827410871,12579340018.513264,,21054884382.9742,582264855.627252,,0
2021-05-04,53724.10892519,3274.89152846289,11742115597.377518,,31295484449.0781,663902880.980396,,0
2021-05-05,57342.0256616014,3525.92409964933,12209309499.357084,,30065540027.6524,464714656.75988,,0
2021-05-06,56527.3529789597,3500.54310403273,11876016779.864355,,30013776131.4931,362593076.220448,,0
2021-05-07,57341.0684549386,3482.63239333723,11714377260.385923,,29119085176.0539,485620581.413943,,0
2021-05-08,58736.1258950906,3886.76699649328,12484696132.083864,,25942376970.1293,412810542.114577,,0
2021-05-09,58288.4256303916,3916.08141320865,12078027859.041668,,26798650833.0662,479131615.412019,,0
2021-05-10,55902.9277399182,3954.28315780245,11728913081.050589,,33522892180.9611,467288495.391734,,0
2021-05-11,56612.1026487434,4155.77199766219,12212339492.740788,,23492996162.5693,426992407.484008,,0
2021-05-12,50972.355081239,3975.50227118644,12266374144.320175,,34888999976.8153,1164570559.52918,,0
2021-05-13,49368.6144739918,3687.15909000585,11087774345.990717,,44609818373.0502,959809835.297225,,0
2021-05-14,49997.3959011105,4086.70976446523,11699978014.803429,,23730033590.1521,475677929.591037,,0
2021-05-15,47047.9633331385,3672.60174400935,11881057107.38496,,25930589221.6662,460051829.450889,,0
2021-05-16,46022.5037090006,3565.84300116891,12855830542.540417,,29855764909.7857,1952797013.73842,,0
2021-05-17,43492.3954833431,3280.03027819988,12823484657.781015,,36899266642.9488,1927614501.38602,,0
2021-05-18,42789.8093921683,3368.23962887201,15286667742.248854,,26349735171.8441,1920168122.68736,,0
2021-05-19,37642.5200017534,2535.73623553478,9888425609.430117,,74786385767.958,2998661372.35969,,0
2021-05-20,40799.4021475745,2777.92518293396,12278465399.119907,,41464312706.855,2376228900.96973,,0
2021-05-21,37174.3311014027,2413.98438398597,10453194866.326384,,39657035370.2481,1755395073.58338,,0
2021-05-22,37643.4197983635,2320.84220163647,8678779608.382294,,23171709104.4007,1102797840.30608,,0
2021-05-23,34774.207221917,2105.59847983635,6737363782.93804,,35343744145.2045,1865441142.36055,,0
2021-05-24,38630.4091186441,2626.16846405611,8447695571.674719,,28887112077.2535,1244538976.82596,,0
2021-05-25,38269.7710747516,2696.5863798948,8218854305.077625,,21976420960.9904,867769716.592379,,0
2021-05-26,39194.8588980129,2868.71953185272,9647049417.773245,,20901421018.5242,1011794836.19347,,0
2021-05-27,38510.8570417884,2743.10334950321,9190744442.02442,,16548411230.2089,626317996.910864,,0
2021-05-28,35596.7179510228,2415.30300233781,7882083922.298832,,23158874259.7366,590709196.816767,,0
2021-05-29,34681.8183670368,2288.85813150205,7483229273.058432,,17570315819.131,360653386.346394,,0
2021-05-30,35652.1687703098,2391.71209117475,7798562015.686554,,12242649040.0052,335841211.556689,,0
2021-05-31,37312.9748970193,2699.21445762712,8903817525.028212,,15715656545.5047,486359616.816047,,0
2021-06-01,36661.3781184687,2626.20154821742,8440514006.76299,,13792531232.266,410470713.256309,,0
2021-06-02,37639.4556732905,2713.1598679135,9338716389.757544,,12514343933.5343,467604737.342412,,0
2021-06-03,39160.1504132086,2858.60099824664,10877398807.936775,,13113824617.6434,908277796.280044,,0
2021-06-04,36884.3735551724,2689.27742548217,10232571006.61394,,15345717935.1043,1012570551.93396,,0
2021-06-05,35409.5672366452,2604.97053763881,10641351697.587,,12720616415.1629,1076139177.11076,,0
2021-06-06,35720.6043546464,2706.09854120397,11501780252.18626,,9149296939.74018,741531123.612247,,0
2021-06-07,33724.9077517826,2600.15911221508,10591724651.20444,,13625383268.2917,932388526.079856,,0
2021-06-08,33475.0489234366,2519.05763530099,11335741065.47556,,18881823441.28,1656864101.78396,,0
2021-06-09,37372.9888953828,2605.63110461718,11478258530.040026,,21691912493.2116,1178077690.55517,,0
2021-06-10,36826.0022185856,2481.38075686733,11228674979.74937,,17369380399.011,568637769.136615,,0
2021-06-11,37185.3931268264,2345.03141963764,9796955525.78288,,14437136824.9149,507974253.389931,,0
2021-06-12,35669.1712817066,2380.84033372297,10027874023.173653,,13632520150.1521,513175502.824056,,0
2021-06-13,38925.4194289889,2504.64639216832,10536436568.418451,,13815155599.2098,404794604.707283,,0
2021-06-14,40455.5959833431,2577.04473863238,10779218120.981611,,18441335716.9123,496937361.813829,,0
2021-06-15,40254.6514679135,2552.74103641146,10820479046.162985,,14255549791.0086,424321338.625529,,0
2021-06-16,38265.5437726476,2360.99938690824,10756555403.279251,,14518553860.8325,548621019.7928,,0
2021-06-17,38018.6432346581,2368.38859555815,10672259087.268885,,13739720401.6301,399435129.695817,,0
2021-06-18,35714.3120787259,2224.57531969608,9983199048.764711,,14975194722.0834,405284086.916489,,0
2021-06-19,35555.9763966686,2174.75470251315,9632639952.196,,11402048600.5183,247516421.174281,,0
2021-06-20,35599.9418784337,2242.66345575687,9594667732.385143,,13812295502.0039,413945726.756701,,0
2021-06-21,31715.1598624196,1900.39307790766,7316362119.169698,,24571444998.7413,772465576.781486,,0
2021-06-22,32394.5555949737,1867.62379953244,7204201287.289723,,27296212376.015,1181008045.53044,,0
2021-06-23,33610.4968129749,1962.11004383402,8364897873.101944,,16981679877.9192,1038739346.17629,,0
2021-06-24,34658.972875979,1986.66540841613,8598013261.4224,,12391498991.3533,613437083.310092,,0
2021-06-25,31683.5032004676,1817.84698246639,7873278353.067232,,16971296829.392,629409167.687197,,0
2021-06-26,31890.6764465225,1801.97627527762,7929658381.434444,,13950093798.0189,524477049.325659,,0
2021-06-27,34506.4911975453,1964.52191887785,8584369273.446173,,13262647450.7871,463165447.646807,,0
2021-06-28,34376.188538983,2079.27833594389,8984292966.668694,,12590490293.6533,452565220.0467,,0
2021-06-29,35933.7782178843,2169.99023261251,9338085365.64736,,13716893375.0819,445314985.848437,,0
2021-06-30,35065.4661533606,2272.2690578609,9734826784.428448,,11916591679.6584,518685071.650494,,0
2021-07-01,33505.0804935126,2114.55608357686,9128598064.902351,,11261786911.1795,447694668.030745,,0
2021-07-02,33782.9459464641,2149.99972472238,9218768913.162472,,9041063362.74195,399680380.707388,,0
2021-07-03,34588.2242916423,2215.90323232028,9368089850.000313,,7623184207.48946,296946621.688927,,0
2021-07-04,35355.6078883694,2325.91749795441,9378389773.484264,,7617119191.09781,276669628.768939,,0
2021-07-05,33911.7538404442,2218.63208416131,9023638371.691223,,9574601088.92277,282954902.151491,,0
2021-07-06,34123.9815680888,2318.10661835184,9316343014.49674,,9415793387.27354,331327123.88017,,0
2021-07-07,33931.6186382233,2317.0795447107,9980311577.364475,,8740586623.38722,489357155.083085,,0
2021-07-08,32819.6595312098,2118.9243308007,9076311165.325384,,11175633133.9784,482004678.080618,,0
2021-07-09,33914.8810742256,2153.77373816482,9113803828.244848,,8384133165.87352,301424996.817844,,0
2021-07-10,33610.9458386908,2117.0639672706,8684656084.699978,,6773700194.22282,278510143.982493,,0
2021-07-11,34258.4413898305,2140.19288661601,8759806058.960562,,5718618494.59698,189550618.209651,,0
2021-07-12,33135.2359117475,2033.03133489188,8405478303.006086,,8004675437.89183,202364508.111378,,0
2021-07-13,32641.9759610169,1939.6402729398,7964610324.697829,,6978163230.03394,179329992.978743,,0
2021-07-14,32798.2845189947,1992.4420251315,8479140687.195778,,8015197664.32222,298029276.982787,,0
2021-07-15,31707.6900368206,1912.8743012858,7754404925.474668,,8293708900.8383,313097655.551046,,0
2021-07-16,31455.7175818819,1878.1075873758,7188452356.353714,,8658411859.32068,252155907.698001,,0
2021-07-17,31547.9511990064,1896.9661233197,7288754080.594779,,6348301570.31574,191042857.136526,,0
2021-07-18,31707.7038527177,1892.68808708358,7280945017.5076065,,6336187299.75313,142963398.490538,,0
2021-07-19,30883.4697462303,1822.20903623612,6712818448.524618,,7576687304.60394,247625813.362349,,0
2021-07-20,29766.6577182934,1785.33395441262,6430527363.993595,,9140640586.17147,277318267.746851,,0
2021-07-21,32119.6572258328,1985.49203565167,7227437218.804722,,11286900693.643,372024465.04102,,0
2021-07-22,32306.9614285798,2020.92230333139,7542118021.199174,,7005794133.58961,244121431.879822,,0
2021-07-23,33439.5957028638,2112.71626434833,7695743014.355741,,8289259323.91833,267145311.432385,,0
2021-07-24,34166.914654588,2179.33793220339,7788633714.842182,,7847135011.75876,251368415.398744,,0
2021-07-25,35119.9374360023,2187.44493687902,7645603446.586552,,7356464331.27505,219892648.382953,,0
2021-07-26,37444.7825102279,2241.15922676797,7721007431.119799,,25254057481.4889,564366474.145136,,0
2021-07-27,39126.5402881356,2286.22890005845,7607202070.206402,,14927070875.9921,271212481.41301,,0
2021-07-28,39939.1940432495,2297.03134436002,7578374974.705768,,17587833714.2902,225285456.346668,,0
2021-07-29,40086.1643950906,2384.45420572764,8568755164.863727,,10925243629.2779,339753877.153213,,0
2021-07-30,41789.6670981882,2451.30431092928,8771473519.319448,,14128474257.3719,497392479.201221,,0
2021-07-31,41793.3137481005,2544.37537592051,9926121461.771236,,10284658993.5724,461599366.465892,,0
2021-08-01,39968.9689544126,2563.73753068381,9317185571.263588,,11885797865.3435,398257609.821467,,0
2021-08-02,39304.1862835769,2619.04099941555,9093215890.443544,,10829154874.5452,320522011.116444,,0
2021-08-03,38288.8253975453,2512.91529164231,9331842393.138288,,11251438718.8374,373959607.226,,0
2021-08-04,39773.9113489188,2727.93425365284,9783131716.400404,,10564736894.33,310574778.827044,,0
2021-08-05,40941.650434249,2825.53530894214,10223526577.942514,,16152551121.6013,463040975.570429,,0
2021-08-06,42790.3573284629,2888.0342554062,10779537579.25057,,16552051330.2786,450566818.143585,,0
2021-08-07,44484.9005862069,3143.38030099357,10723543863.353333,,17923166243.2983,410998703.99607,,0
2021-08-08,43972.3010181181,3027.3480818235,10336903345.66075,,16324152172.3528,264884700.218378,,0
2021-08-09,46265.6424564582,3158.26921624781,10570975242.007996,,17604145341.687,277095889.284072,,0
2021-08-10,45488.7912624196,3141.72382559907,11053957996.375568,,14413657461.9443,349124210.492281,,0
2021-08-11,45676.3263611923,3168.56298947984,11416601890.287443,,15028734804.8455,371053628.369381,,0
2021-08-12,44405.7483483343,3038.06152659264,11679184774.667185,,14743911062.006,354690846.292154,,0
2021-08-13,47717.4853559322,3316.4789421391,12661538018.638737,,13466337790.1968,368550477.975179,,0
2021-08-14,47124.2050736411,3268.96369590883,12541500226.943892,,12950161580.6091,229967871.080612,,0
2021-08-15,47074.370710111,3310.72739333723,15309321260.366028,,12375813621.5981,1064592850.40919,,0
2021-08-16,45984.7199070719,3157.77383635301,17959469174.46892,,14508924016.3976,3078312937.05119,,0
2021-08-17,44714.0967982466,3020.57140093513,18575734270.2987,,15282419849.827,3352412349.89816,,0
2021-08-18,44954.3637469316,3041.32005961426,21204484058.98061,,14470918214.7408,3661998060.0409,,0
2021-08-19,46646.8615049679,3173.97182279369,20909798064.867477,,16205799040.9432,1951788941.02008,,0
2021-08-20,49240.8356049094,3278.21872413793,22464863365.11757,,15571137529.1956,1439980298.58579,,0
2021-08-21,49070.2409701929,3234.70727819988,21295355046.01862,,16363295276.3785,1284401447.60234,,0
2021-08-22,49363.3160952659,3245.89347866745,20987104399.1416,,10156371766.7051,770283361.882772,,0
2021-08-23,49590.8763676213,3322.63785096435,21698720386.430176,,15131058698.5027,1086965593.88531,,0
2021-08-24,47925.8622127411,3183.60909175921,20621256356.1218,,16495026936.7455,1836860961.57736,,0
2021-08-25,49002.3166049094,3228.70326125073,20827287426.65421,,13586281428.8558,1221446584.49289,,0
2021-08-26,47190.3449929866,3120.59653535944,22104718578.373768,,14246803929.3389,2224693995.76777,,0
2021-08-27,49048.4755891292,3270.01309877265,25619889707.30421,,13916878639.2823,2619889412.45408,,0
2021-08-28,48852.4687995324,3242.67174956166,28251625532.09724,,10306152583.4489,1930892143.63994,,0
2021-08-29,48948.3479579193,3230.91460140269,27379934119.89839,,10636362658.6553,1313901818.11415,,0
2021-08-30,47125.7685189947,3238.36036382233,32118863092.53552,,14681511065.3524,4025232060.05546,,0
2021-08-31,47219.2443424898,3431.94775306838,31597866709.698704,,15320673942.9765,6234147155.11167,,0
2021-09-01,48688.5375572764,3793.82968188194,32306499954.626797,,16227964589.5952,3074815682.01987,,0
2021-09-02,49369.5862746932,3791.89593600234,37257242353.36372,,16600401777.6825,3773061796.08042,,0
2021-09-03,49860.5341635301,3918.58263822326,42302327413.788925,,18956375349.1481,5682538847.40208,,0
2021-09-04,49919.577563647,3886.23001350088,40648241743.06091,,14244993577.508,3062477406.10926,,0
2021-09-05,51747.6438565167,3954.61792343659,41547790176.00181,,12859830966.5915,2213761524.81538,,0
2021-09-06,52640.5883740503,3928.83401098773,47758626209.1712,,16014245528.3401,4175148448.30597,,0
2021-09-07,46854.4006028638,3432.84963062537,50867704885.79513,,35443280160.3973,13803939101.832,,0
2021-09-08,46187.9757306254,3507.77644915254,55763217461.46032,,21545784791.2258,9697188866.83364,,0
2021-09-09,46448.7748290473,3432.86342255991,55313277437.80391,,16794016125.2028,10615580534.8214,,0
2021-09-10,44765.2755762712,3204.17646580947,52289429627.82778,,17344969278.5723,5594492663.22391,,0
2021-09-11,45098.5916447691,3259.20964196376,52079973432.73565,,12615047601.2375,4246218435.42276,,0
2021-09-12,46180.6124563998,3417.71937288136,51464436191.06703,,10257341494.996,2255826029.58903,,0
2021-09-13,44991.5221277031,3289.54985417884,49520025513.0331,,17804136060.8904,4813216691.20856,,0
2021-09-14,47022.6177597896,3419.67508416131,45906884036.56575,,15019727997.2733,4720348227.73836,,0
2021-09-15,48167.1893676213,3591.05804003507,46984876033.78247,,12388340702.0415,3142981060.0556,,0
2021-09-16,47797.3283237873,3567.72092518995,45042725955.44111,,12917317571.2522,2494056367.41198,,0
2021-09-17,47213.7941294565,3396.52101694915,43739813182.74326,,11598455779.5828,3647727517.02677,,0
2021-09-18,48204.0136519579,3425.02434453536,50219474534.63977,,10614751428.8336,4061703993.43613,,0
2021-09-19,47218.4739964933,3319.99040093513,45402934749.53608,,9661792266.04262,2629631245.00984,,0
2021-09-20,42855.5103448276,2965.36816510812,39630827375.76016,,20383611639.9164,4584002920.23827,,0
2021-09-21,40526.4893760958,2745.84817299825,36567530923.953705,,21903480596.5687,4312214607.96845,,0
2021-09-22,43577.5724821742,3063.72133167738,44074332652.39108,,15238453113.93,3724533163.81354,,0
2021-09-23,44861.2980329047,3147.4950742256,44467963892.39037,,13361243567.0338,2534853457.92689,,0
2021-09-24,42803.307701052,2932.5593233197,41490862135.95672,,19810484580.2457,2965218456.39036,,0
2021-09-25,42735.2658240795,2932.4982798948,40488938320.44708,,10794378741.8232,1491335055.03764,,0
2021-09-26,43131.2941773816,3048.59561689071,40201750355.515175,,11706845319.1758,1969346617.21586,,0
2021-09-27,42496.7852250146,2952.49630537697,40707700604.29644,,10926890213.6802,2295328522.18515,,0
2021-09-28,41223.7862743425,2815.59470835769,39260221609.93481,,10800740324.5154,1728352034.62318,,0
2021-09-29,41453.9470131502,2843.27176943308,40102162987.40926,,10475095397.0557,1724102626.99707,,0
2021-09-30,43781.546015488,3001.52751344243,41915174454.80221,,11041040009.2035,1569329028.82559,,0
2021-10-01,48078.1315543542,3299.44177030976,47796912347.21104,,17554098761.143,3257531755.75383,,0
2021-10-02,47792.4391943308,3393.85702828755,50426468983.51812,,11022326879.3369,2644789737.96904,,0
2021-10-03,48202.6229177089,3420.43901578025,51396792907.67506,,9899189724.25006,2369746698.67279,,0
2021-10-04,49288.5013106371,3391.62332057276,49878621933.54391,,13312338300.5745,2378230064.23096,,0
2021-10-05,51558.0493319112,3520.41445382817,48946860251.03359,,14763218493.9473,1961800683.07939,,0
2021-10-06,55419.800411163,3588.43408123904,45993736371.46798,,22617586701.3746,2550956556.0535,,0
2021-10-07,53805.1569125658,3589.30707393337,45975270073.967705,,16612896604.6849,1976613667.77496,,0
2021-10-08,53933.5275908825,3561.09410490941,47419648932.129166,,14387357851.3079,2161127685.65308,,0
2021-10-09,55010.9224751607,3579.87203652835,47064242302.44083,,11643960287.9979,1138506831.22941,,0
2021-10-10,54701.2797022209,3432.00171537113,44379165189.67516,,15181378701.586,1174117720.56606,,0
2021-10-11,57289.1864570426,3519.56701022794,43192303643.75388,,17849080808.0787,1435885710.46453,,0
2021-10-12,56196.1812597896,3491.26025043834,45582352656.3793,,17409297810.9394,2143693780.09772,,0
2021-10-13,57348.8928769725,3597.56289830509,44429566025.28094,,17807611216.522,1553329027.70409,,0
2021-10-14,57384.0369146698,3786.54223734658,44956415836.70649,,15252806873.6516,1469986311.15249,,0
2021-10-15,61446.0840073057,3861.71246171829,48762237011.60024,,26205492588.3937,4000662787.96991,,0
2021-10-16,60932.0632119228,3836.76805020456,47424938067.63841,,15384715464.4633,1272873800.17084,,0
2021-10-17,61462.2223722969,3836.39770426651,47867931891.27847,,12605114214.1262,1831958843.57721,,0
2021-10-18,61977.0575514319,3746.06606575102,47230046842.38388,,18267006292.4011,1272675499.94642,,0
2021-10-19,64290.8977574518,3875.04413851549,46935071691.4418,,18969942765.9005,1013812104.56925,,0
2021-10-20,66061.7965639977,4153.38661163063,52320211102.44443,,20605577864.0684,2496681479.86609,,0
2021-10-21,62373.8856206897,4065.16743161894,56629717267.32957,,25249772983.8785,5436680912.92621,,0
2021-10-22,60750.9673718293,3975.54315663355,59241879884.68112,,19666475632.2456,6192226745.51291,,0
2021-10-23,61250.082628872,4159.57953886616,59328716787.46454,,11432877823.2756,2560061365.69534,,0
2021-10-24,60865.4470523086,4076.59357364115,60865734672.6294,,11640285027.0057,2605220403.08876,,0
2021-10-25,63031.6729015196,4214.41058854471,63453676916.68188,,13329025262.4716,3799576491.00183,,0
2021-10-26,60393.9802738165,4130.63251782583,60183733453.117294,,15449377234.6042,2589289694.10136,,0
2021-10-27,58563.3359899766,3947.62192840444,55432555287.54253,,22111398915.0296,3782025156.59249,,0
2021-10-28,60564.5721122151,4278.7702685564,58666003462.31416,,22343333973.6133,2733308901.05279,,0
2021-10-29,62230.8055689655,4413.18682086499,60254162736.98373,,16702885354.241,1949435900.64351,,0
2021-10-30,61742.9165321449,4311.34383021625,58220959833.16248,,13293878524.5024,1356511315.89674,,0
2021-10-31,61432.9700628287,4293.96550701344,61052846661.10618,,14731809554.5092,1967438342.71786,,0
2021-11-01,61092.0950592051,4325.78806049094,61363332233.486,,16815800251.2578,2563339752.97867,,0
2021-11-02,63024.7472296902,4586.37950379895,65652665596.22833,,17587596832.6584,2365621115.40427,,0
2021-11-03,62955.9817630041,4598.85212857978,72966328766.902,,17644733175.8833,4847071950.13819,,0
2021-11-04,61393.8899780246,4535.60184395091,74664172499.44281,,14738385382.5702,3548457244.26405,,0
2021-11-05,61005.840833723,4476.89731385155,71336405574.77235,,13013000458.3613,2205033828.06324,,0
2021-11-06,61455.0536268849,4511.6425622443,77801469584.53316,,11377260263.9474,3037776623.68759,,0
2021-11-07,63043.8290590298,4609.29109146698,75236367737.37805,,10094788221.8444,2125189266.29186,,0
2021-11-08,67541.7555081824,4811.1564628872,75170801226.11449,,19786509852.5467,2667611180.53644,,0
2021-11-09,67095.5856706605,4735.69674663939,72510764530.23433,,19620208223.1987,2280517037.37578,,0
2021-11-10,64756.0779689071,4619.95512857978,70205762029.16704,,25743477603.2219,3123078093.59288,,0
2021-11-11,64962.9312939801,4727.74631618936,71126562918.85825,,16293313171.3331,2167742034.02661,,0
2021-11-12,64078.968037405,4662.76119988311,69297499924.68547,,16907451999.8013,2356657422.89741,,0
2021-11-13,64397.7912063121,4644.9424868498,72820528390.01515,,11852495923.2582,1754522869.03588,,0
2021-11-14,65032.2256548217,4609.51656691993,72033129819.36324,,10281178282.8088,1257400292.86918,,0
2021-11-15,63753.5031592636,4569.40776972531,72152207020.34258,,14084358752.0414,1938004980.88161,,0
2021-11-16,60322.4978530099,4234.13146493279,66803864849.21008,,25068932858.3729,2822503916.01771,,0
2021-11-17,60154.3083661601,4265.59900555231,66088021573.98075,,17704094914.8353,2291382497.59728,,0
2021-11-18,56794.1556271186,3985.67437317358,59129742885.78466,,21804393681.7962,3142860257.4301,,0
2021-11-19,58014.0729888954,4291.28635008767,65135505032.9752,,16882289917.2379,2626318705.20452,,0
2021-11-20,59749.4738229106,4413.14425073057,66121760045.04174,,12290133967.0824,1523661994.80499,,0
2021-11-21,59032.6241017534,4310.08043366452,70602994244.2456,,11134528821.7992,2002722295.6141,,0
2021-11-22,56383.5658760958,4096.77240122735,65813094545.40232,,16838121883.0197,2556181284.77139,,0
2021-11-23,57642.2657980713,4348.15622793688,67437553587.911736,,17022288356.7646,1721890589.19514,,0
2021-11-24,57141.8303784337,4261.96911367621,62415251328.07752,,15068516525.5381,1927307339.7323,,0
2021-11-25,59008.6554792519,4526.04295119813,63954071768.18292,,16018207838.8903,1864898322.28533,,0
2021-11-26,53800.6178389831,4052.00856838106,58579480465.30944,,22377094319.4284,2632361154.44901,,0
2021-11-27,54635.8824628872,4086.92330187025,58556386011.45792,,12359179777.3093,1071393249.63857,,0
2021-11-28,57248.5696963764,4291.07917124489,61018162548.162125,,11783466214.9202,1487612555.5599,,0
2021-11-29,57920.7107299825,4448.40999064874,62274952040.91154,,13867650316.278,1643038918.49648,,0
2021-11-30,57097.0127942724,4645.05362711864,63607768953.21552,,17310601404.3092,2285895409.73405,,0
2021-12-01,57180.6098439509,4584.53445119813,69751811457.67288,,16256933173.0788,2750333486.37155,,0
2021-12-02,56582.8937691408,4527.54475686733,71314463104.41528,,14881472506.6259,3185250560.15511,,0
2021-12-03,53671.6160680888,4232.93315078901,64939609186.24648,,19797520344.0998,3078709493.20524,,0
2021-12-04,49159.7357983635,4097.76126125073,61442318785.982994,,33305271857.5137,4484714771.19212,,0
2021-12-05,49327.0935999416,4190.58069286967,59843816167.283264,,17136472331.6412,2378154322.15607,,0
2021-12-06,50535.4252232612,4341.94102104033,59431803350.0096,,17870649663.4489,2679563803.5379,,0
2021-12-07,50574.4728344828,4303.76265166569,58083521828.059166,,14303721829.6929,1884193046.15895,,0
2021-12-08,50500.6543513735,4427.31263383986,59639627515.02677,,12339484748.454,1688035774.02682,,0
2021-12-09,47937.8228458212,4157.28748042081,56194155944.48165,,13165719795.4024,1433790364.46467,,0
2021-12-10,47437.2289725307,3931.61310549386,52422292227.08204,,14121384571.5781,1593423936.85261,,0
2021-12-11,49321.7693252484,4079.58498480421,52792397189.00529,,9958493024.13915,1326822222.4261,,0
2021-12-12,50136.5722568673,4140.98769053185,53483735665.15884,,8286817907.98903,814808600.572865,,0
2021-12-13,46785.3278410286,3788.08233664524,48122921278.2172,,14859098052.9966,1974333626.92977,,0
2021-12-14,48292.6822501461,3850.76330829924,49401817990.38276,,13338519935.8224,1639001428.36185,,0
2021-12-15,48830.6223860316,4015.64231209819,54755685093.31754,,15981401022.0961,2665472486.35701,,0
2021-12-16,47663.4691077148,3973.45109526593,54571767092.48569,,10959960521.8404,2039473315.9953,,0
2021-12-17,46334.4837489772,3885.43008158971,54112928397.35253,,13843429122.138,1897784415.42894,,0
2021-12-18,46904.8736753361,3965.87124079486,56371523926.08345,,9401486845.21809,1098443244.88087,,0
2021-12-19,46876.426924021,3937.56586236119,55755445840.99601,,9588244434.72586,1104841785.80662,,0
2021-12-20,46954.7634783168,3939.67427615429,53701640923.36322,,12527824904.8509,1338355983.2507,,0
2021-12-21,49082.0624666277,4028.99787901812,55493458530.28913,,11259277877.441,1224666640.98231,,0
2021-12-22,48692.0987391584,3984.71278784337,55037941285.442245,,10023763355.4274,1341884973.47439,,0
2021-12-23,50712.9707682642,4101.84956078317,58606822318.90995,,12053452269.6326,1505206848.34576,,0
2021-12-24,50783.8344210988,4045.16450350672,58757035992.534485,,10518674476.9639,1616669639.34155,,0
2021-12-25,50590.4508976622,4099.92122180012,59706856375.68868,,7109893496.58956,982380553.751597,,0
2021-12-26,50798.3065859147,4070.35206282876,61186703259.31208,,7996336271.9392,1390501865.36887,,0
2021-12-27,50796.3776735827,4044.38847749854,60684563845.24354,,10239176029.167,1293183591.75161,,0
2021-12-28,47673.0440452367,3806.11023553477,55235955369.067375,,14503893949.137,2149675938.54067,,0
2021-12-29,46470.3215751023,3638.66337872589,52938916706.81323,,11875471259.8482,1517520976.49576,,0
2021-12-30,47102.4630037989,3708.0373351841,53265712535.20207,,10059075576.4163,1039838184.50016,,0
2021-12-31,46355.1173302747,3686.9517918761,52777731348.8376,,11244218012.5479,1106665621.69949,,0
2022-01-01,47560.0093816482,3761.05964026885,55096952719.25208,,6907898567.47898,721748184.962694,,0
2022-01-02,47352.5577565751,3832.36560987726,54528122270.76384,,6750690409.12729,648479517.557276,,0
2022-01-03,46453.432351841,3765.44034950322,52731246960.84625,,9117077393.0924,897725965.731921,,0
2022-01-04,45905.9611221508,3796.64046078317,52006481197.654816,,10831204275.9485,1022374503.02228,,0
2022-01-05,43530.9440388662,3545.75825844535,47896581832.77338,,15626896338.989,1512399961.74037,,0
2022-01-06,43144.9652928112,3413.23750263004,46653912942.34688,,11615104991.0163,1450589577.05479,,0
2022-01-07,41512.7845808299,3190.12681209819,42259706226.12842,,15604293020.8162,2134881644.17026,,0
2022-01-08,41799.8128848627,3092.88001665693,44456708541.57564,,10015015782.047,1939456914.6218,,0
2022-01-09,41886.4985569842,3154.84015575687,43799691315.95565,,7288210918.10508,1078096831.98125,,0
2022-01-10,41816.9510561075,3079.86577586207,42305594590.44746,,13114657359.8517,1428975356.63221,,0
2022-01-11,42768.1786116306,3241.95426534191,43686690250.96281,,10314098505.7774,1050452675.79612,,0
2022-01-12,43961.0265441262,3372.8478100526,47342641971.02508,,9818037568.66157,1566664091.01222,,0
2022-01-13,42626.8653924605,3253.07153477499,45720397763.209885,,9401429320.19469,1569955248.33636,,0
2022-01-14,43102.6476180596,3308.71572647575,45557399039.80318,,8673067325.27517,1259547166.23814,,0
2022-01-15,43206.6744812975,3334.44671624781,46404620791.25337,,5767456527.62926,756371914.254985,,0
2022-01-16,43168.8596671537,3356.33249970777,46467067262.74536,,5526144760.3384,786183561.920293,,0
2022-01-17,42211.270399474,3211.12031502046,43946557991.511154,,7478999787.07363,1045925702.69576,,0
2022-01-18,42431.2319670368,3165.79673085915,44398207662.228966,,8402879572.5041,963492610.264608,,0
2022-01-19,41787.722012858,3105.41949795441,42782076753.350204,,9238611417.82541,979996936.007181,,0
2022-01-20,40756.1261630625,3011.87563880772,40460285501.75991,,10242225969.3597,1127505404.39426,,0
2022-01-21,36492.2872241379,2565.0556484512,35208284390.72064,,21563058188.8657,3134891444.56555,,0
2022-01-22,34996.390965225,2400.82875043834,29657173243.661926,,18854812014.6338,3320505823.74099,,0
2022-01-23,36271.0502650497,2533.49403682057,31368470602.35094,,10848839524.4358,1913939581.97536,,0
2022-01-24,36659.7252206312,2439.12303068381,28897611818.6684,,19460171604.6958,3156341942.66313,,0
2022-01-25,36952.586773232,2458.38200011689,29917541273.59028,,11033106702.2914,1917443777.05729,,0
2022-01-26,36825.8245993571,2467.10777206312,29077285672.59955,,14381418647.9602,2236857888.26387,,0
2022-01-27,37021.9371332554,2412.6244704851,28098895123.75393,,10640137763.0116,1753164134.86059,,0
2022-01-28,37768.8474836353,2545.54989713618,28681087258.940643,,9135808395.19176,1355685001.08167,,0
2022-01-29,38088.2912279953,2593.19728784337,30172068447.96188,,6434933513.50926,1174824586.83017,,0
2022-01-30,37983.5063845704,2610.55529894798,29453575044.56998,,5142900050.8684,724509098.751485,,0
2022-01-31,38462.6724029807,2686.26782933957,31399134906.03346,,8414578704.73293,1239522443.44387,,0
2022-02-01,38787.9640824079,2795.5781528346,34721850140.23634,,8156697993.18029,2478934185.30758,,0
2022-02-02,36942.3307493279,2686.64838047925,32051558783.13447,,8092095785.99625,2566728871.78223,,0
2022-02-03,37057.6521879018,2670.65337931034,31769540056.405525,,7440679315.62976,1893323304.06806,,0
2022-02-04,41079.9060881356,2969.93218322618,35014298646.1361,,12411935848.1058,2068271447.71663,,0
2022-02-05,41508.5816925774,3017.60991642314,35984692980.02121,,7519482839.1218,1603840344.72698,,0
2022-02-06,42358.2251732905,3049.37219111631,36246775198.62348,,5588383108.82788,970186769.579726,,0
2022-02-07,43888.980119813,3145.37367592051,37197610193.64159,,11814662248.1273,1668842554.9535,,0
2022-02-08,44167.4447945646,3126.63435172414,36127904651.063736,,14206789025.3292,1660951435.7768,,0
2022-02-09,44405.0732042665,3241.72396054939,36249413115.94902,,8887315273.41042,1153851194.63582,,0
2022-02-10,43614.3426960842,3080.56548188194,33870575660.893967,,13757828262.0353,1483044636.90556,,0
2022-02-11,42357.3217416715,2924.08046814728,30596103793.44284,,10968833584.3479,1339104258.32454,,0
2022-02-12,42173.4593962595,2910.83617533606,30404872409.54228,,6478870532.73681,905392798.827178,,0
2022-02-13,42195.5947451782,2880.69652571596,29596291513.247936,,4796939485.04181,620330712.987493,,0
2022-02-14,42646.1618590883,2936.29826037405,30651951526.17087,,7806171092.11767,932989098.757635,,0
2022-02-15,44511.9084880187,3175.2582150789,33304982236.553368,,8728320989.1043,1150965536.45016,,0
2022-02-16,44065.7092673875,3140.52647866745,32719587236.827274,,7216711962.44739,1002136480.72849,,0
2022-02-17,40610.024261543,2887.98329310345,29911431791.71281,,10603986430.86,968038044.516493,,0
2022-02-18,40044.2204856809,2784.71829456458,28808591444.441826,,8877763470.19805,870043774.454871,,0
2022-02-19,40095.887329398,2757.59524547049,29160339785.803127,,4378388260.65075,586716283.414903,,0
2022-02-20,38551.6224967855,2636.38894248977,29231683517.960945,,6853709105.03763,1040687429.62568,,0
2022-02-21,37098.0360081824,2578.87216978375,26721007529.82435,,12229717946.7263,1547523741.77426,,0
2022-02-22,38202.5940818235,2636.22923874927,27602805922.37369,,10169588313.3319,1099138984.86659,,0
2022-02-23,37308.2687344243,2591.79215108124,27199802282.61669,,8698318595.36082,1286555702.40648,,0
2022-02-24,38283.790402104,2594.05176271187,28410356357.50051,,20666368458.5377,2579043323.7183,,0
2022-02-25,39323.7702158387,2788.59007977791,29906986418.443714,,10893445748.4637,1613435487.75186,,0
2022-02-26,39056.5781523086,2777.68419199299,28815736090.453217,,6374264560.70394,918084171.566373,,0
2022-02-27,37664.7792828755,2614.48211922852,27257589080.429115,,9167688820.61732,1050738984.06295,,0
2022-02-28,43179.2545140269,2914.46506487434,31790678156.295288,,14643153550.8693,1735224087.346,,0
2022-03-01,44334.457582408,2969.53468030392,31506377048.23152,,14047384167.1736,1732912454.58669,,0
2022-03-02,43984.584926768,2954.65685739334,32318279331.351448,,12124720735.2794,1956488892.75063,,0
2022-03-03,42492.7744552893,2836.95393191116,30691995646.21912,,10016881300.2274,1234232273.44146,,0
2022-03-04,39106.4052159556,2617.82250379895,28016987169.91585,,12488179313.0002,1264237501.64899,,0
2022-03-05,39383.8848433665,2662.88603331385,28712376829.038376,,5977148318.78139,724103259.173092,,0
2022-03-06,38399.3426268264,2557.90416393922,26854797029.86653,,7255579920.12331,737342084.872049,,0
2022-03-07,38146.734273232,2501.00067124489,26102090492.1804,,11344006169.1874,1166652441.48698,,0
2022-03-08,38725.477261543,2577.76486323787,26409950388.62068,,10483115474.7307,1006931990.12291,,0
2022-03-09,41989.4028179427,2726.9712761543,28367501512.411583,,14019392131.1507,1294291541.44017,,0
2022-03-10,39482.2584672706,2611.41140765634,26827830746.94068,,14010356921.0009,1082374065.79339,,0
2022-03-11,38825.3644214494,2562.6069748685,25832900013.34672,,11285230965.5628,929510446.01311,,0
2022-03-12,38951.1300157802,2578.18213267095,26375917286.00454,,4926981055.96262,513383519.856749,,0
2022-03-13,37808.3174004091,2516.49195207481,25449006308.745834,,6142841848.75237,680756243.28204,,0
2022-03-14,39649.0453243717,2589.37761689071,26186055673.08397,,9256863860.14208,785559863.095373,,0
2022-03-15,39356.8139000584,2621.23701899474,26836912140.077488,,8895191140.0174,776759452.992237,,0
2022-03-16,41101.768579135,2768.91552717709,27940404168.768967,,16837523985.7313,1048151517.85193,,0
2022-03-17,40966.4169324956,2816.07112390415,28422760165.274197,,8229142658.68426,1018693911.34074,,0
2022-03-18,41826.1160710111,2945.90649006429,29049157216.96137,,9179237589.04255,1058431764.74805,,0
2022-03-19,42193.1615362361,2948.82827971946,29632759884.050823,,6749722734.96085,925639404.11008,,0
2022-03-20,41294.7235129164,2861.81527405026,28432456982.048862,,6545074415.61491,625406919.194181,,0
2022-03-21,41064.429648159,2898.31257539451,28402397991.937035,,8587481962.42269,768465725.156871,,0
2022-03-22,42383.169518761,2976.63482524839,29069338572.03381,,12406353015.8808,951007176.326613,,0
2022-03-23,42734.2000355932,3021.12716715371,30353741887.520138,,9228466663.25472,1067851160.45344,,0
2022-03-24,43974.5935882525,3110.07358153127,33011272989.437565,,11562298423.1605,1843638286.50394,,0
2022-03-25,44347.034279661,3104.45554324956,31773707338.32897,,10927641840.3294,1400840653.79009,,0
2022-03-26,44519.9268641145,3145.64074167154,33101674756.415382,,5029013289.51277,775691819.51103,,0
2022-03-27,46777.2056265342,3288.73951139684,34741183073.45392,,9060253555.2464,934093067.998752,,0
2022-03-28,47223.6528860316,3346.48037200468,34747224500.04094,,13302412300.3126,1866831430.24565,,0
2022-03-29,47463.7096770894,3398.67210052601,36222031753.32461,,11204366063.2829,1871544231.5165,,0
2022-03-30,47123.2971478667,3389.04939859731,39195339151.127846,,10055338077.371,2542019746.73501,,0
2022-03-31,45562.2106665693,3281.78751081239,40158423819.9836,,12440776277.4842,2717879369.8447,,0
2022-04-01,46250.3362878434,3446.51983682057,43758744003.83171,,14363112070.4016,2973366709.21957,,0
2022-04-02,45939.8973489188,3451.96555774401,43353067897.74202,,10682297783.4055,2314343532.55968,,0
2022-04-03,46440.5438538866,3521.53255113968,44478030545.49885,,9222747534.03191,1690439300.819,,0
2022-04-04,46663.0041770894,3525.40589713618,43149296839.25176,,12415826909.2964,1818417684.57219,,0
2022-04-05,45693.0350619521,3425.35487270602,41384554521.88217,,10538375511.704,1444101306.34252,,0
2022-04-06,43304.9371990064,3183.70336908241,37162434514.465935,,14842581153.9639,2269873232.4441,,0
2022-04-07,43569.0471697837,3238.18884687317,38726717661.6891,,9338442133.96836,1604127780.77137,,0
2022-04-08,42222.0689772063,3185.76596639392,35633343201.26004,,10251838290.3376,1647855515.47878,,0
2022-04-09,42680.9947355932,3257.96308474576,36877000569.09689,,4818711935.46515,760289398.673626,,0
2022-04-10,42264.4633909994,3218.1317761543,36696993155.81012,,5535566111.516,823891497.616311,,0
2022-04-11,39544.0251835184,2985.2986779661,32686267054.178,,13029567831.8077,1546021836.78118,,0
2022-04-12,40096.3669748685,3027.95501139684,33832017715.545284,,11300477343.8476,1558807241.89047,,0
2022-04-13,41152.7554517826,3118.53925920514,34394109915.355,,9211636217.95698,1081073243.08309,,0
2022-04-14,39916.4963842782,3019.78703097604,33032852396.63888,,7536382659.37129,1106159352.92857,,0
2022-04-15,40527.3319567504,3039.32726592636,33201484841.82148,,5487188888.69965,656781230.906383,,0
2022-04-16,40439.5881209819,3065.65542343659,34078940200.014088,,3690714614.17866,461799492.147377,,0
2022-04-17,39704.7839798364,2996.52688457043,33415713900.742672,,4626725637.51229,676087705.102151,,0
2022-04-18,40818.8786025716,3058.24911367621,34035488876.905663,,10709763836.6113,1144393858.81098,,0
2022-04-19,41489.6638011689,3104.38072004676,36125101892.45261,,7405993342.99462,1091868832.4288,,0
2022-04-20,41395.64458346,3078.53693571011,35242874566.78256,,9017582543.39647,1127759399.24669,,0
2022-04-21,40457.4959418469,2984.30083985973,33885940921.59042,,11984633925.5605,1232821882.0208,,0
2022-04-22,39737.9735040912,2963.93688515488,33569793448.954075,,9806946044.5342,825051879.358585,,0
2022-04-23,39582.4548720047,2941.41439567504,33684640518.60457,,4286359872.00741,525419638.030397,,0
2022-04-24,39511.6456928697,2924.17223728813,33146649107.20886,,5101679437.19436,519475357.17947,,0
2022-04-25,40473.7483176505,3012.2152773232,33785829787.89509,,12843245289.3911,1006062522.13555,,0
2022-04-26,38072.800873758,2801.38247457627,31883358161.45544,,12215279733.5843,853615293.643766,,0
2022-04-27,39218.5376174752,2886.84557685564,32809147500.501965,,9646675379.38287,813583189.65065,,0
2022-04-28,39747.9894270018,2934.09959088252,32738663262.259567,,10482995158.439,858331159.943008,,0
2022-04-29,38609.5059070719,2815.62725832846,31347708698.500626,,8957010326.91573,824935011.116099,,0
2022-04-30,37714.0949804208,2729.73245441262,28273857174.12093,,6039880658.2135,812812891.096003,,0
2022-05-01,38459.226979135,2829.09136440678,29958667097.358555,,6957907608.40186,944716414.806464,,0
2022-05-02,38566.0628877849,2861.52780946815,29321383421.63117,,9809311606.12016,847615073.878079,,0
2022-05-03,37704.4053153127,2780.92367007598,28652611280.709476,,7559816224.83081,651979362.151318,,0
2022-05-04,39641.852176505,2936.76534658095,30902694563.78325,,11276767465.4719,918088832.337339,,0
2022-05-05,36502.0245601403,2746.63528112215,28245935207.517258,,15358354248.2057,1241023421.82067,,0
2022-05-06,36042.9995584453,2697.48142811221,27347955311.359,,12561908182.8212,1041609185.07061,,0
2022-05-07,35508.7110227937,2636.53088603156,26472251687.211277,,6395067105.32933,725707469.044544,,0
2022-05-08,34058.9066861484,2519.63678281707,25190600721.80292,,11999760786.3569,936654631.825384,,0
2022-05-09,30457.9218194039,2257.95058188194,21434934559.29909,,25181723714.7845,1974518064.10034,,0
2022-05-10,30990.7351659848,2342.92739614261,22415724560.27341,,24028396599.3192,2458872803.1918,,0
2022-05-11,28796.5568217417,2068.27522092344,16772334182.190351,,34657367879.1545,3106001335.35499,,0
2022-05-12,29030.7070417884,1958.4534585038,15030283177.731176,,30097624721.7211,2968726320.19329,,0
2022-05-13,29285.9346718293,2016.05178404442,16483109389.16744,,15053844698.5496,1927725962.03308,,0
2022-05-14,30051.935755114,2053.09169362946,17617489467.8929,,8173944072.28469,1128589856.24516,,0
2022-05-15,31182.6212460549,2138.96401139684,19711959025.116,,7443865210.54665,1018077931.955,,0
2022-05-16,29889.6124757452,2022.61946464056,18157443633.385303,,10536726491.4772,1250027589.45864,,0
2022-05-17,30438.1944476914,2092.88074547048,19243205920.76212,,8945828665.87014,1081384614.76969,,0
2022-05-18,28771.2204786675,1921.00792752776,16868357193.850126,,10351538709.803,1119359645.01738,,0
2022-05-19,30257.8852483928,2016.37226154296,17538782537.791027,,10633086375.8237,1219907632.11167,,0
2022-05-20,29224.245998422,1962.03072969024,16851257989.883743,,10235776129.9644,1141921471.73802,,0
2022-05-21,29420.0782857978,1973.77449105786,17064856450.792135,,4176477855.64926,536646435.054113,,0
2022-05-22,30331.87514173,2044.56454897721,17888899923.497368,,5708844378.99752,638672330.83272,,0
2022-05-23,29088.2515419638,1970.62047516072,16642094918.417269,,9829494659.79318,1011675390.73976,,0
2022-05-24,29643.6837556984,1977.80444576271,16851089685.00507,,7893886759.2717,837861961.043152,,0
2022-05-25,29577.259880187,1944.32836265342,16323477791.974363,,8376806831.92126,711646402.154693,,0
2022-05-26,29332.4860467563,1807.68160239626,14826427095.511517,,12533507688.2124,1384193476.5417,,0
2022-05-27,28612.0413103448,1721.27814289889,13888421645.904188,,12025649209.5268,1367066425.91708,,0
2022-05-28,29045.5206344243,1793.65815663355,15069133998.968552,,4646142522.62815,751457360.476478,,0
2022-05-29,29430.0689800117,1811.05755844535,15223996753.756964,,4075277592.68769,803511264.406165,,0
2022-05-30,31735.9549719462,1996.49929953244,16038703888.846869,,12280949553.3557,1111262375.36911,,0
2022-05-31,31831.4095251315,1947.31703623612,15581445232.356691,,10235518846.2686,999102875.434778,,0
2022-06-01,29825.9221992987,1827.6371081239,13690608377.042944,,13241894892.9218,974317481.099919,,0
2022-06-02,30504.2679997078,1835.3889748685,13917709858.74606,,8932210117.35541,1019871088.37601,,0
2022-06-03,29662.6709708942,1773.33450613676,12961563114.781467,,7771681268.11123,871498080.477037,,0
2022-06-04,29792.4076779077,1799.04830862069,13172140346.712145,,3567370123.54281,713579895.444866,,0
2022-06-05,29915.4093009936,1805.68905447107,13102371023.121136,,3669382503.31254,651585007.853662,,0
2022-06-06,31333.6770197545,1857.0548635301,14412765221.657663,,10041880433.5649,1304265681.09895,,0
2022-06-07,31175.0324289889,1812.55737521917,13419058708.382671,,13782946796.3126,1272873863.59031,,0
2022-06-08,30228.464698422,1794.50157685564,13251217911.08752,,9885530461.58002,761378818.262561,,0
2022-06-09,30064.4855289305,1787.18229456458,13642166188.782032,,6631191196.54558,804588449.646204,,0
2022-06-10,29070.4000300994,1662.50309760374,12696351938.524193,,10300750562.1777,783744635.066099,,0
2022-06-11,28360.7899231444,1529.50090531853,11576697530.923023,,8277996033.77157,715776223.029925,,0
2022-06-12,26830.2839456458,1449.37609070719,10604543024.272455,,11434429812.2049,957559061.008604,,0
2022-06-13,22316.2570400351,1192.1638591467,9442951383.537691,,29944355946.0399,1692389504.3402,,0
2022-06-14,22072.8663085915,1205.54458474576,10119390803.940771,,21304241063.0554,1483710793.83341,,0
2022-06-15,22520.7910087668,1228.52421186441,11745382283.7103,,22822911297.9577,1520566833.35841,,0
2022-06-16,20310.1769848042,1062.05631794272,10228355295.158323,,12545170664.8662,1311420545.50561,,0
2022-06-17,20464.9290873174,1087.0124880187,10563434222.648409,,9688788483.88514,786551900.295614,,0
2022-06-18,19013.8672536528,992.790097311514,10840029278.91068,,16389815161.4256,1105472862.59739,,0
2022-06-19,20492.2951683226,1124.3688886616,11665884229.478502,,13298332256.2679,1237278402.43139,,0
2022-06-20,20571.6292247224,1122.38415809468,12042683531.23714,,11137607109.8596,1254475730.65213,,0
2022-06-21,20688.4651312098,1124.80054354179,12377249253.971846,,10214853097.1956,1160747404.43092,,0
2022-06-22,20003.1683375219,1052.48545265926,11747945087.02986,,9863055075.59375,1025132574.45223,,0
2022-06-23,21097.1028331385,1144.74839117475,13068154592.425703,,8992166912.60485,1076135481.60912,,0
2022-06-24,21299.0769853887,1233.92042811221,14532446760.503056,,8770253854.60876,1115438889.05522,,0
2022-06-25,21468.3431566335,1242.46349766219,14485872722.141285,,5632965587.54374,783059866.374508,,0
2022-06-26,21066.6209430158,1204.22064611338,13552810978.9268,,5572971395.84867,749396559.01336,,0
2022-06-27,20751.0516960842,1194.90176943308,13211696204.296516,,6760414668.85933,813473457.370963,,0
2022-06-28,20263.2196393922,1142.80152688486,12095767964.086157,,6987921279.68946,918946749.643998,,0
2022-06-29,20080.9480864991,1095.82495207481,11574460102.740429,,8111793844.63794,915148853.071914,,0
2022-06-30,19332.9121294565,1041.53905172414,11304742983.375082,,10015394386.6893,884155189.276762,,0
2022-07-01,19341.8631240795,1066.1029628872,11337970814.460226,,11088252915.4899,904459523.163398,,0
2022-07-02,19231.8317083577,1066.51756253653,11437257688.693316,,4501005501.31979,411204872.298031,,0
2022-07-03,19276.5146639392,1073.70227878434,11458033640.85787,,4831776398.59772,341654187.15421,,0
2022-07-04,20226.2984745763,1150.1623100526,12588583929.528164,,6746602702.35775,590861904.368335,,0
2022-07-05,20193.3427938048,1134.55701782583,12150703566.041344,,8826497282.41701,905654738.871027,,0
2022-07-06,20560.8438126826,1190.01984395091,12744046398.052383,,7803284516.95438,842543741.527092,,0
2022-07-07,21651.4191423144,1238.44509789597,13212260420.608706,,8123265924.27596,681939031.776972,,0
2022-07-08,21813.7871239042,1231.2732019287,13266162668.49494,,18513622026.4588,878893450.841143,,0
2022-07-09,21585.1321922852,1216.82491992987,13141288142.112392,,9457361544.07969,400068644.194216,,0
2022-07-10,20831.2733915839,1167.00219023963,12657506009.994965,,9656590583.69742,379969275.11565,,0
2022-07-11,19971.3294704851,1096.53821274109,11559616579.12009,,8254669653.70953,556327638.101102,,0
2022-07-12,19339.1534734074,1040.3091364699,11356872088.38364,,8947698311.04344,533034202.402451,,0
2022-07-13,20155.5278386908,1109.91739918177,12036686678.094776,,13376425704.5997,792285244.409729,,0
2022-07-14,20552.8990289304,1190.77715517241,12797893092.230574,,10828163722.9267,795669328.560412,,0
2022-07-15,20831.722700526,1235.44640999416,12945316361.621162,,9530874620.97552,734119987.876314,,0
2022-07-16,21196.5091428989,1352.58443950906,13673548332.222338,,7874805597.31127,664005347.335084,,0
2022-07-17,20827.8886085915,1345.29871186441,13400025844.217169,,7693331809.27188,631492291.679784,,0
2022-07-18,22305.7066428989,1568.5177969024,14762621392.467062,,15998247369.6911,1064803820.4498,,0
2022-07-19,23371.2026601403,1545.68401548802,15550575061.539928,,19826660557.1207,1551799566.77782,,0
2022-07-20,23280.9356680304,1523.17327171245,14570642995.654734,,18311113923.7369,1255139130.04835,,0
2022-07-21,23152.4093112215,1578.50633021625,14945843495.208332,,13518660850.7684,1120818032.94146,,0
2022-07-22,22706.0835554646,1536.58702454705,14038592402.096909,,12511185421.0136,874864309.121567,,0
2022-07-23,22484.4592317358,1550.44882115722,13857954587.262856,,8573521792.77034,608228886.703491,,0
2022-07-24,22653.3570260082,1603.32482787843,14231136503.844072,,8305304702.61924,573097922.535831,,0
2022-07-25,21510.1255874342,1461.68290911748,12878690289.07076,,13324152840.4071,794552024.467713,,0
2022-07-26,21181.6591967855,1431.20655336061,12479386820.523548,,10929855208.9447,713763096.05502,,0
2022-07-27,22898.4150683226,1632.34205330216,13878012637.723372,,13893424373.4596,929680626.858154,,0
2022-07-28,23838.5568838691,1724.61137200468,14841136205.95508,,16395423570.1689,1201082894.00269,,0
2022-07-29,23950.7403798948,1746.07636090006,14696130017.982847,,14793722764.3988,1006647422.91546,,0
2022-07-30,23623.4349611338,1692.89731209819,15130487071.28218,,10666365149.0757,1040062662.56517,,0
2022-07-31,23356.1722215079,1682.69250409117,14706434809.408232,,8589457632.53753,672427152.15928,,0
2022-08-01,23331.4426969608,1635.83942051432,14442770771.92192,,9808015050.99773,642341306.683126,,0
2022-08-02,23031.4268834015,1640.55228550555,14056173029.94232,,10865974521.078,662609179.975115,,0
2022-08-03,22809.7474418469,1616.22450905903,13325623790.885263,,10221796872.5345,1438886780.39012,,0
2022-08-04,22628.3320821157,1606.95118293396,13446810793.272936,,10064406097.3015,681219614.904631,,0
2022-08-05,23248.9715023378,1725.62800490941,14012547076.13854,,11770869356.4061,666247540.593606,,0
2022-08-06,22996.2750452952,1695.53410169492,13899852079.040571,,5054758518.68219,302142163.635716,,0
2022-08-07,23153.6584713618,1697.48315371128,14069149395.142357,,5051011463.65859,325781488.519511,,0
2022-08-08,23803.6505154296,1776.06239567504,14628589452.018185,,10914857806.092,671577657.272398,,0
2022-08-09,23186.2917464641,1703.99224897721,14071986077.305223,,9349235041.16954,507054433.744272,,0
2022-08-10,23923.0584830508,1850.82996142607,14703391151.518768,,13793461997.3135,761246097.157216,,0
2022-08-11,23934.4390561075,1878.11309555815,14872600195.396263,,15906354568.6522,989512563.639544,,0
2022-08-12,24396.3088462887,1954.77856107539,15773250463.24398,,10514711868.3671,625866784.400156,,0
2022-08-13,24426.2225748101,1981.2375414962,16234958386.669697,,9229970197.87961,896953996.221458,,0
2022-08-14,24314.2021315021,1936.33989158387,15679988435.624435,,9190505051.55147,641778431.847502,,0
2022-08-15,24083.9539748685,1901.74608649912,15224512425.665842,,14958155977.9812,760094121.308777,,0
2022-08-16,23868.8193530099,1876.61579427236,15045535060.99184,,10915319802.2743,600579243.323331,,0
2022-08-17,23336.3489310345,1833.20730216248,14110964303.132812,,12821094743.9045,791618979.21823,,0
2022-08-18,23221.1706028638,1849.20067504383,13844476504.484556,,8049628042.105,502619333.779528,,0
2022-08-19,20906.7663141438,1615.85071274109,12551779293.740236,,17478732474.4484,1074436013.7303,,0
2022-08-20,21146.6548021625,1575.83517270602,12267002823.562784,,10107289569.3909,652578556.968755,,0
2022-08-21,21553.9961717125,1621.43778018703,12772310352.620373,,8317672111.93958,505306549.15236,,0
2022-08-22,21301.0840581531,1607.93964377557,12299372967.44546,,11538476110.6228,606375277.713083,,0
2022-08-23,21534.5143521333,1663.88241525424,12461563827.201405,,10595392226.987,426080463.063959,,0
2022-08-24,21424.9728232028,1658.74535037989,12252980776.951351,,9523214352.63264,442946117.536982,,0
2022-08-25,21587.8395844535,1695.09793629456,12322138080.428753,,8425506933.41706,392389765.804248,,0
2022-08-26,20246.1655733489,1508.81155990649,11081612271.933184,,15268318661.9669,728855761.141928,,0
2022-08-27,20043.9909485681,1492.86255990649,11023542339.036308,,8524042721.95354,379501595.209401,,0
2022-08-28,19673.5412188778,1440.91843746347,10706836690.846748,,6702071269.98708,278010955.909444,,0
2022-08-29,20270.960383986,1550.2820458796,11316555026.616096,,10472006275.9964,471843100.242525,,0
2022-08-30,19825.4632066043,1529.58784628872,11013367188.485891,,12903492318.106,461541923.129719,,0
2022-08-31,20024.6716059614,1551.72922092344,10978611579.483929,,12716997383.7273,377942995.222883,,0
2022-09-01,20105.4626072472,1586.34916686148,11025551724.839636,,11070522554.5785,319840594.089085,,0
2022-09-02,19948.8567472823,1576.59604120397,10900246136.84548,,11007379913.1935,318465958.458936,,0
2022-09-03,19803.8332697253,1555.05634833431,10870335168.46311,,5861455563.3251,126539884.714507,,0
2022-09-04,19961.9118907072,1576.03008123904,11209860854.283997,,6229672897.75654,175887164.225558,,0
2022-09-05,19797.7967884278,1613.06100555231,11257168511.175957,,8831459842.57207,234143869.739447,,0
2022-09-06,18846.150537405,1565.69543600234,10829789499.823406,,16177044696.2342,619108613.935981,,0
2022-09-07,19292.9070745178,1633.8871465225,11476078134.231064,,12771257081.8257,369628623.030044,,0
2022-09-08,19319.1248512566,1634.5638766803,11848892073.98784,,11800658806.8943,476661040.24089,,0
2022-09-09,21363.3136152542,1717.52412244302,12236544007.208876,,20766008911.2502,602378684.442832,,0
2022-09-10,21715.2107980713,1779.75839479836,12435811633.206907,,13707970807.7865,321464181.834743,,0
2022-09-11,21732.7705686733,1758.45961922852,12317738145.692892,,12714424788.619,352068813.562977,,0
2022-09-12,22365.2145601987,1710.77241729982,13206721353.912731,,20532599884.2265,901682444.420946,,0
2022-09-13,20165.0421607247,1574.04311630625,11685000031.33824,,24068120725.0372,1021374010.84937,,0
2022-09-14,20246.3660424313,1633.75933313852,12029056312.487753,,15667229490.367,486760388.062177,,0
2022-09-15,19696.8698661601,1472.5554792519,11704676784.112787,,15011889945.4785,554938695.539762,,0
2022-09-16,19741.5776168907,1430.06413968439,11380727180.283085,,13151438669.2414,353942061.592081,,0
2022-09-17,20120.7023459965,1469.37018877849,11949039973.574364,,9421581223.05913,203891767.099936,,0
2022-09-18,19427.1002626534,1337.85839099942,11019967389.983946,,12754445429.1986,318844145.777703,,0
2022-09-19,19557.9769582116,1379.44124693162,11594937867.03739,,18829405533.439,462504203.016569,,0
2022-09-20,18872.9498667446,1323.40883226184,11125431279.220556,,15361629385.0779,378199455.175332,,0
2022-09-21,18506.7607481005,1249.1307238457,10885119789.722216,,20976502377.1147,576878396.564006,,0
2022-09-22,19414.5396449445,1328.6692653419,11475871267.725395,,18345365367.2844,377154433.566126,,0
2022-09-23,19326.8648199883,1330.95503302162,11964328782.121813,,15657666696.3126,435459782.070466,,0
2022-09-24,18924.7677872589,1317.0079465225,11851781023.558512,,9575365033.9424,432791322.026112,,0
2022-09-25,18793.1561531268,1294.54904383402,11477686360.679428,,8716899709.1165,277680621.746044,,0
2022-09-26,19201.1317209234,1334.38671420222,11960481012.144312,,19956679983.6633,438721305.182971,,0
2022-09-27,19106.7389135009,1330.5247402104,11641943099.212135,,28149047884.4249,649162569.063087,,0
2022-09-28,19454.937210111,1339.13675394506,11813734642.21791,,25070695056.0647,492992928.981662,,0
2022-09-29,19540.8664105786,1333.64239392168,12043364625.16726,,10699004351.9684,474688634.611429,,0
2022-09-30,19435.1946917008,1327.0759956166,11769197836.69747,,19044623312.0251,640002799.638159,,0
2022-10-01,19311.861629398,1311.22253331385,11522771197.050564,,6547468881.65707,224469611.200236,,0
2022-10-02,19015.2928050847,1276.55304675628,11389326157.896145,,8200077083.75743,236916453.563475,,0
2022-10-03,19633.4325859147,1324.40998334307,11732166756.940523,,12866240703.2724,292288876.413463,,0
2022-10-04,20339.9712811221,1362.84395236704,12105843720.11002,,15480579142.9772,360931356.856666,,0
2022-10-05,20155.0996987142,1352.55720689655,12081596408.9274,,14433575296.5909,298358394.596361,,0
2022-10-06,19950.5477957335,1351.3537402104,11845823856.15745,,15474578899.8409,343718455.626514,,0
2022-10-07,19539.1439216832,1332.54090561075,11723402374.939947,,12019159440.684,314876538.262415,,0
2022-10-08,19416.1772291058,1315.45911864407,11592073458.110472,,4974486247.40767,127843797.764394,,0
2022-10-09,19428.3671323787,1320.93465400351,11732687404.559196,,5417019162.42095,128716512.417219,,0
2022-10-10,19154.4042346581,1292.04924693162,11447003556.902887,,10060033831.8234,258117665.000682,,0
2022-10-11,19039.2820683811,1278.54329719462,10988560359.218828,,11285491986.0958,302525347.036069,,0
2022-10-12,19156.9115645821,1294.63398918761,11134466125.49372,,9952746004.02343,159444622.58449,,0
2022-10-13,19387.8336806546,1288.20101256575,10927908431.879955,,19534704284.833,617803425.696551,,0
2022-10-14,19177.6941031561,1297.32227849211,10734254873.143476,,18339151976.3417,382507810.018597,,0
2022-10-15,19069.8749272355,1274.99698947984,10593033152.008364,,5502768960.3205,141808309.584385,,0
2022-10-16,19261.7497878434,1305.60972296902,10794625338.793545,,6821314673.45791,138385078.113326,,0
2022-10-17,19557.0218106371,1332.3694792519,11168988211.676905,,12113841516.4465,243078691.53188,,0
2022-10-18,19341.4075543542,1311.29945967271,10805665803.001152,,14299565858.2332,303215831.294056,,0
2022-10-19,19132.1544254822,1284.66447399182,10371585239.48224,,9339339314.23208,274242633.248312,,0
2022-10-20,19033.3760239626,1281.90813793103,10053006083.891651,,11008226785.7864,358569251.755706,,0
2022-10-21,19174.8763487434,1299.87529164231,10069004535.535488,,14561861282.2313,458897235.486321,,0
2022-10-22,19207.6285078901,1314.30632261835,10035465758.892256,,4774783235.3694,181851053.890815,,0
2022-10-23,19565.4123243717,1363.86034102864,10483919903.798029,,7956738676.06743,307417756.681307,,0
2022-10-24,19341.460210111,1344.55304383402,10147073185.3473,,12048634040.7067,306194189.370673,,0
2022-10-25,20094.9611215663,1461.29032407949,11079784300.469416,,19895894385.2104,801642752.657023,,0
2022-10-26,20797.0308258328,1571.25949210988,11221377976.803505,,22458287649.3357,631264169.609157,,0
2022-10-27,20280.1751280538,1514.78292051432,10992273062.43848,,17662789381.5723,636628315.659236,,0
2022-10-28,20604.6138535944,1555.96761455289,11529015661.266756,,14983969219.1713,511275134.315926,,0
2022-10-29,20803.8999205143,1618.89496873174,11775699507.167597,,13376463310.9969,560780106.599356,,0
2022-10-30,20616.7033766803,1589.51054997078,11783692590.493685,,9581661474.18795,326497733.70545,,0
2022-10-31,20490.8581808884,1571.20387054354,11711472223.147411,,7678070035.53999,440916821.536191,,0
2022-11-01,20483.966530976,1580.25594681473,11580382407.44969,,12319576456.9247,342633931.400593,,0
2022-11-02,20148.2845537697,1519.57743717124,11060885779.031412,,19249776021.4553,591554813.54014,,0
2022-11-03,20198.1111860316,1529.79641525424,11068153674.31496,,13449808635.2511,385003905.971827,,0
2022-11-04,21157.2449275278,1644.7656364699,12130899553.08772,,23359994669.0086,648097210.088016,,0
2022-11-05,21283.4715999416,1627.35012068965,13204127414.144104,,11420258248.0051,1289192431.6424,,0
2022-11-06,20946.8030359439,1574.97463471654,11752102928.613567,,10105313953.4695,826774155.455076,,0
2022-11-07,20568.5651183518,1567.4638132671,10599615663.541325,,17227999084.199,1362853242.69753,,0
2022-11-08,18520.971163647,1331.86717884278,8676567997.577435,,48421194270.3724,3720620027.00854,,0
2022-11-09,15758.2912819988,1092.99871040327,5031554853.009615,,44470633009.3583,3347249938.04329,,0
2022-11-10,17541.5602866745,1297.56088690824,6354426199.534254,,29627713951.1551,2713271525.09197,,0
2022-11-11,16916.8506312098,1280.90110344828,5831336009.205996,,18085735751.0555,1357713017.60466,,0
2022-11-12,16771.2426718293,1252.00409994156,5292983738.554544,,8266826492.71121,503541838.473793,,0
2022-11-13,16320.4983375219,1220.14754500292,4790433655.765043,,8426755002.59389,514856114.161771,,0
2022-11-14,16629.4784146698,1240.72447603741,5062106663.2306185,,16997289347.0302,864430304.531333,,0
2022-11-15,16855.59378609,1249.54837960257,5162158795.274045,,12085486623.2839,494877441.978373,,0
2022-11-16,16659.6063345996,1214.79349853887,5173662432.3534565,,11410913049.8884,275930057.184369,,0
2022-11-17,16675.1790204559,1199.72255055523,4934316808.532481,,8237051359.18582,386384215.337412,,0
2022-11-18,16661.5229576271,1209.4787565751,4789009401.127591,,8062185138.49908,195659553.244666,,0
2022-11-19,16696.0040581531,1218.60619929866,4672499910.066821,,4016701906.2206,166411462.882881,,0
2022-11-20,16246.8446992987,1139.64296113384,4432821385.019972,,6471478081.80509,296006788.725772,,0
2022-11-21,15778.0174047341,1107.64197720631,4300244579.051151,,13119331161.9254,290950240.97094,,0
2022-11-22,16172.8893445354,1134.7735163647,4500464273.296924,,10303275174.6304,300042826.369659,,0
2022-11-23,16574.0617299825,1183.16671361777,5192940750.68504,,10879843229.6996,519669576.970755,,0
2022-11-24,16583.5243445354,1202.6865,5282504087.446578,,8061758405.62056,382468030.061657,,0
2022-11-25,16522.3887767388,1199.06187580362,5107100553.417077,,7371400232.1963,200966435.157563,,0
2022-11-26,16448.6413077148,1204.81936440678,5138534968.921292,,6571519761.6192,204050239.986479,,0
2022-11-27,16436.0707688486,1196.86665049679,5125953274.313238,,5734352902.00943,135926134.074836,,0
2022-11-28,16212.5814161309,1168.91699678551,4842708397.767193,,10185161473.9572,303316183.078012,,0
2022-11-29,16443.0368199883,1217.08083810637,4857355971.509944,,9416306797.26502,160659122.328668,,0
2022-11-30,17176.8986914085,1298.03941963764,5135063821.925185,,12866116760.2858,210541565.588169,,0
2022-12-01,16961.2918042081,1275.71093571011,4894349603.785447,,10180887766.1921,144374288.217892,,0
2022-12-02,17075.1091370544,1292.87129018118,4989150222.844574,,8815923097.37551,155195263.78429,,0
2022-12-03,16899.5073831093,1240.93125043834,4837401930.065004,,7485097176.19149,97736043.5073953,,0
2022-12-04,17121.7149824664,1280.03346960842,4984117531.980526,,7671626710.64487,87173363.6445444,,0
2022-12-05,16961.3517866745,1258.52961747516,5028509546.642685,,10690173319.9439,212031016.043239,,0
2022-12-06,17070.5158281707,1270.18564289889,5192203010.628279,,9106145121.63436,177302832.446315,,0
2022-12-07,16848.2518243717,1232.55245441262,4928568621.764896,,9171547819.53495,143122398.949234,,0
2022-12-08,17231.4563223261,1281.63305201636,4992898408.1776495,,9599018485.34972,113000382.739271,,0
2022-12-09,17136.1490008767,1263.20861864407,4973346011.093065,,9261513002.27664,127219050.257101,,0
2022-12-10,17124.2146797195,1266.7714421391,4969425390.41689,,5242742795.82731,51940507.3372221,,0
2022-12-11,17094.3606592636,1263.06966656926,4911481649.002533,,6181456906.70554,65471509.697992,,0
2022-12-12,17195.5249962011,1274.78023495032,4880016687.716369,,8884761295.86904,131427146.835238,,0
2022-12-13,17774.9166320865,1320.40190677966,5064633467.583964,,13084919190.8963,208405100.51782,,0
2022-12-14,17809.7240835769,1308.14814056107,5183686343.579695,,12274215733.1975,306636433.693915,,0
2022-12-15,17344.0544569258,1264.12830508475,5134623952.688588,,9628729849.49231,179234919.707063,,0
2022-12-16,16606.1101750438,1164.54822443016,4485765300.777986,,11542067285.3979,260336514.506039,,0
2022-12-17,16774.3853702513,1187.08355902981,4578311636.6837845,,5905072402.3192,146664245.831448,,0
2022-12-18,16776.1159254822,1187.40088690824,4569633814.92858,,4410520761.54033,71900461.4671584,,0
2022-12-19,16424.1313857393,1167.13473611923,4373729304.704422,,8026243814.63354,130899446.208074,,0
2022-12-20,16901.8169362946,1217.78852659264,4502553571.096238,,10507063258.2858,107679283.295255,,0
2022-12-21,16800.5329707773,1212.37697340736,4440409580.005489,,6240290599.95082,97620775.3587156,,0
2022-12-22,16814.2225791935,1216.84605055523,4309266534.465273,,7074799551.00186,119598820.807728,,0
2022-12-23,16780.5169798363,1219.86765049679,4318585318.012658,,6636480476.98991,98080508.2346143,,0
2022-12-24,16837.612170076,1220.58067533606,4199943746.6057167,,3608176912.10316,146629887.553527,,0
2022-12-25,16824.8389736996,1217.7824880187,4178850525.436119,,4488178698.90651,62329476.0459293,,0
2022-12-26,16879.9382273524,1224.37791788428,4142909188.951519,,4629771017.97432,81447884.5917494,,0
2022-12-27,16698.9112708942,1211.57558153127,4065303481.1135817,,7109117005.22761,144128431.738007,,0
2022-12-28,16536.2942001753,1188.10792518995,3589878791.185904,,7936371231.89402,335217665.603769,,0
2022-12-29,16630.5931551724,1200.92096843951,3503371643.7388062,,6423588227.18851,532618345.949705,,0
2022-12-30,16593.6888287551,1198.58331034483,3629447498.35242,,6868973492.56828,627693413.676977,,0
2022-12-31,16524.2178024547,1195.33087931034,3657793437.723972,,4418902904.14264,203959679.82909,,0
2023-01-01,16606.7520432496,1200.00591934541,3664833086.3117614,,3482939407.91445,131119797.820429,,0
2023-01-02,16688.7192729398,1214.8377685564,4155039721.408771,,5226730222.49978,400345786.206712,,0
2023-01-03,16670.0773836937,1214.22573816482,4901142333.395536,,6050649095.32931,817094535.400103,,0
2023-01-04,16848.3660391584,1255.92211689071,4953432491.869241,,8681579163.085,815840384.629729,,0
2023-01-05,16824.8001826417,1250.14810315605,4937557726.646497,,5739689110.73687,359992886.622251,,0
2023-01-06,16957.8622738165,1269.2522521917,4955727602.30755,,7556650364.77682,331917947.091622,,0
2023-01-07,16942.6285891292,1263.50416335476,4815989744.662321,,3182996134.55682,129379226.091403,,0
2023-01-08,17059.2399444769,1284.640028346,5181793564.188844,,4758270817.80769,392765851.559669,,0
2023-01-09,17182.3198521333,1320.62153097604,6013371835.064232,,10256620754.534,1356871894.36337,,0
2023-01-10,17433.9146320865,1335.65639655172,6000787222.797295,,8300555363.26645,599980922.60788,,0
2023-01-11,17833.7107656341,1380.51409789597,6055605450.303105,,10286356665.5492,433432994.122419,,0
2023-01-12,18869.7044842198,1417.14464611338,6147464807.953187,,20151197412.6081,620457609.151541,,0
2023-01-13,19868.7247454705,1449.88405055523,6751799839.191677,,16145322849.8813,735309905.775504,,0
2023-01-14,21010.9227200468,1551.58092372881,9016149430.748728,,21188492055.8525,2572152778.97151,,0
2023-01-15,20876.0085561075,1552.31962039743,8474737255.792318,,9617917648.42126,1239847759.50603,,0
2023-01-16,21180.4119485681,1577.95188194039,8749928205.8792,,15095237194.5955,1141581851.44745,,0
2023-01-17,21178.2993962595,1570.19011279953,8533404705.538307,,14023167964.1244,633009949.633068,,0
2023-01-18,20709.6686040327,1519.97825832846,7751686609.872864,,18221791671.462,984166387.87929,,0
2023-01-19,21071.8334152542,1550.32473816482,7933419963.078573,,11954332921.1647,525720700.969333,,0
2023-01-20,22660.7169421391,1658.07273027469,9467515927.66916,,16935868176.6307,961169548.443482,,0
2023-01-21,22803.172761543,1628.12569403857,9167216343.87878,,19402684905.7722,1379217784.48619,,0
2023-01-22,22716.2771966686,1628.26689450614,8999819365.705105,,14383369426.8679,705940428.365551,,0
2023-01-23,22929.0248936295,1627.93555610754,9048512777.69094,,15625863053.0581,583048048.353429,,0
2023-01-24,22611.1268787259,1553.74205523086,8456377119.832713,,15772222839.8113,561867474.069101,,0
2023-01-25,23109.0845189947,1607.73188661601,9121982932.845436,,18526956612.7746,801779873.386476,,0
2023-01-26,23008.6894766219,1601.93506399766,9037702151.711464,,15302218684.5307,546202766.082421,,0
2023-01-27,23070.4964582116,1598.01924400935,9046825105.658989,,14691605925.0453,449908620.948092,,0
2023-01-28,23008.8094649328,1570.18742606663,8890067908.775385,,7358966126.75958,305424231.379977,,0
2023-01-29,23774.9963679135,1646.29684132087,9718379004.524157,,16001170091.8438,723857349.474269,,0
2023-01-30,22799.427261543,1565.98836440678,8891453049.21973,,15996934228.1605,720784793.925651,,0
2023-01-31,23130.0519132087,1584.82108328463,8895406150.98242,,13050986888.09,396753233.143798,,0
2023-02-01,23727.2026075395,1641.90211075395,9295032356.24541,,15098181392.4395,640938733.103532,,0
2023-02-02,23505.6048430742,1646.33768264173,9058295260.386274,,19232585774.2144,666661248.728832,,0
2023-02-03,23445.8131773816,1665.60525014611,9201134506.088676,,15419972956.0465,414810988.175344,,0
2023-02-04,23355.5243863238,1671.04695207481,9096867630.077072,,8113531828.06285,193103146.490622,,0
2023-02-05,22957.2251905319,1631.12114172998,8763499028.890038,,10917213607.821,364428758.486454,,0
2023-02-06,22745.1650371128,1614.27482232613,8450122561.158029,,13662558643.68,274357949.937641,,0
2023-02-07,23266.2692036821,1672.72231092928,8899695836.878986,,16058609233.6734,380571648.950982,,0
2023-02-08,22937.5799453536,1650.23299795441,8661822964.536118,,14953697927.4543,320523021.168075,,0
2023-02-09,21818.1989456458,1545.6244585038,7662247951.134644,,19480232175.9227,499518614.077256,,0
2023-02-10,21620.5667837522,1514.2499868498,7558903807.237705,,15582972586.6049,391042458.768269,,0
2023-02-11,21864.8626414378,1540.18145032145,7809818332.055641,,8797826426.8499,145413093.298306,,0
2023-02-12,21772.1373252484,1513.77351841029,8058512709.525469,,9797114286.65205,320015196.465468,,0
2023-02-13,21798.7157168323,1506.22274605494,7792922566.1525135,,13593901247.0303,420586705.607619,,0
2023-02-14,22222.415043834,1557.42669579194,8192808015.440136,,15340218926.0522,544239635.985474,,0
2023-02-15,24304.6129827586,1672.84323933372,8971794076.64177,,18862748183.1441,458524538.692643,,0
2023-02-16,23742.4488354763,1643.89578404442,8397967348.99372,,23710030781.6329,557414934.005292,,0
2023-02-17,24607.3356054939,1696.04581063705,8721346034.202606,,24328069687.4078,337978042.992146,,0
2023-02-18,24636.5266127995,1690.93641057861,8876785328.15243,,9706544668.72446,216111753.14217,,0
2023-02-19,24366.9907606663,1683.20734979544,9434772513.750574,,14575960826.2292,624940900.315742,,0
2023-02-20,24797.8430359439,1700.88487288136,9867942658.884024,,16413216545.4704,931619774.974513,,0
2023-02-21,24400.3893898305,1655.09468264173,9406519136.82803,,18044237208.7492,586567899.853042,,0
2023-02-22,24163.7389812975,1641.94119491525,9145624905.32935,,17523114359.3859,558183783.949674,,0
2023-02-23,23910.0342104033,1649.39288398597,9026126527.628304,,17757804680.5178,345206347.229757,,0
2023-02-24,23175.8242036821,1608.29904324956,8712588679.04484,,15543404688.2968,367788234.487807,,0
2023-02-25,23159.8154403857,1593.90391671537,8470941853.540909,,8121640539.51481,316888467.074793,,0
2023-02-26,23542.0964281122,1640.57851431911,8798788348.560354,,8560021742.37388,221807104.638235,,0
2023-02-27,23504.1894178843,1633.62932583285,8581513690.453642,,12533527682.7301,283987284.824844,,0
2023-02-28,23145.9491277031,1606.66273436587,8298938561.059904,,11032699585.1752,211632636.623401,,0
2023-03-01,23610.6590902981,1661.70797282291,8505964699.933363,,13583383752.67,201586778.799663,,0
2023-03-02,23470.0254815897,1647.85497837522,8330651051.115949,,10694027380.3035,185528841.551432,,0
2023-03-03,22350.0962340736,1569.16893132671,8106739548.031269,,14981953672.1272,295102156.221586,,0
2023-03-04,22334.2852638808,1565.88301373466,7923941396.98031,,4813757986.42702,142927116.004398,,0
2023-03-05,22419.8171390999,1563.63009818819,7941624930.968352,,6437226222.97068,167221086.246368,,0
2023-03-06,22414.7033056692,1567.53606341321,7897937567.234402,,8233597113.36039,185742759.819866,,0
2023-03-07,22174.6484725307,1560.02789246055,7730424640.5672035,,12337703894.7092,240004173.554102,,0
2023-03-08,21701.3846227352,1534.22761718293,7060094666.635117,,12108297700.8883,390363466.555226,,0
2023-03-09,20349.8141732905,1436.66890824079,6624342824.185887,,17901574390.0672,483226622.600277,,0
2023-03-10,20240.406694623,1434.1492194623,7001063341.442327,,23816614356.1623,602838916.287493,,0
2023-03-11,20585.2343290473,1477.24561835184,6964990594.467221,,17742289263.6581,443529762.985959,,0
2023-03-12,22065.9800359439,1586.49992781999,7759690094.433523,,16924248418.2428,428722975.039427,,0
2023-03-13,24154.4290946815,1677.88656078317,7809204038.002181,,29691786573.6632,795226851.227074,,0
2023-03-14,24769.0175691409,1706.89304383402,8028280381.372787,,30830652375.8215,759302698.38961,,0
2023-03-15,24409.8017518995,1655.43240093513,7403428529.352298,,26303317410.774,529930416.904092,,0
2023-03-16,25043.2388468732,1677.25818614845,7561877766.197459,,19514577683.3104,288119086.453932,,0
2023-03-17,27450.6282933957,1791.02045382817,8269443327.286681,,31289099128.6445,422882853.268839,,0
2023-03-18,26985.7359915254,1764.36525336061,8150406559.794845,,19399308264.8227,565374074.501488,,0
2023-03-19,28185.2043319696,1801.75050058445,8452299762.208239,,19458023272.3305,305786849.521213,,0
2023-03-20,27834.3361090006,1737.37734073641,8538333036.9304495,,24549077847.1777,836735576.559996,,0
2023-03-21,28172.7950558153,1805.09059409702,8682506473.465246,,20790263207.9498,519584737.318806,,0
2023-03-22,27341.5571297487,1738.26925452952,8249960489.923855,,18964688511.8051,599132108.128767,,0
2023-03-23,28387.8897495617,1819.24090590298,8531108659.043168,,12478653274.6678,368863808.986133,,0
2023-03-24,27464.1249453536,1751.13301110462,7935076749.134618,,15655049466.013,358598313.824858,,0
2023-03-25,27488.954880187,1742.46973699591,7843474261.33869,,5117311428.10001,153924676.324347,,0
2023-03-26,28049.3916911163,1778.52934570427,8069725432.726222,,5389478867.1464,122884231.263224,,0
2023-03-27,27154.9963702513,1714.87305932203,7636076834.955826,,8067988947.04281,227725229.500241,,0
2023-03-28,27283.9634029807,1774.92046697838,7864447028.5703535,,7758064510.15467,213915350.278935,,0
2023-03-29,28389.2917784921,1794.74885768556,8125178085.988205,,9545801607.78093,225002751.044064,,0
2023-03-30,28021.5583009936,1791.79660169492,7903054981.308434,,11059525124.5831,299935729.069525,,0
2023-03-31,28514.6813062537,1824.00190356517,8178408617.330802,,8674259530.29281,206175771.398585,,0
2023-04-01,28494.5638863238,1822.41595762712,8141406480.367091,,4152773641.06812,122335131.651206,,0
2023-04-02,28161.9980362361,1794.75583547633,7917129147.218979,,4247446898.51221,123819027.505989,,0
2023-04-03,27850.9799436002,1811.18531180596,7896655833.9569025,,8815840109.3989,274744654.910296,,0
2023-04-04,28113.9585187025,1868.19117066043,8068357447.53385,,6270156545.43499,175452154.278014,,0
2023-04-05,28190.3116063705,1911.12547106955,8121269982.696524,,7183935480.08034,190799106.741391,,0
2023-04-06,28049.0744763296,1872.08796493279,7980771199.610462,,4985264573.38122,122440773.172156,,0
2023-04-07,27936.8042609585,1866.34243366452,7928713312.7570915,,3177935904.6864,89766730.5297955,,0
2023-04-08,27964.0512498539,1851.750106955,7772642799.507211,,2575794168.39842,103575878.136552,,0
2023-04-09,28357.8072703098,1861.1328395675,7882194459.1647215,,3864343192.26336,72850522.0048013,,0
2023-04-10,29687.5651846873,1912.11599473992,8116021006.846431,,7859290892.84022,121104166.290192,,0
2023-04-11,30247.0959193454,1891.72326592636,8946435513.315498,,8967191913.21541,736064586.770369,,0
2023-04-12,29913.0035463472,1921.77945996493,9329397270.73982,,8374453806.38746,908772733.661525,,0
2023-04-13,30370.82207218,2010.86303623612,9563121801.975348,,6989725585.21957,508121072.294224,,0
2023-04-14,30458.9700414962,2102.23098217417,9708298783.93237,,9349243336.99043,547579645.733107,,0
2023-04-15,30342.0591084161,2094.48822501461,9444162021.387505,,3706765071.30971,213357046.932208,,0
2023-04-16,30312.9308533022,2119.36738223261,9928043127.828,,4052465432.53039,269311083.535819,,0
2023-04-17,29469.5050727645,2076.5863679135,9657790058.243536,,7071772295.57064,510553597.352194,,0
2023-04-18,30366.8723813559,2101.64348246639,9730716247.865204,,7947308760.66231,295553270.065265,,0
2023-04-19,28796.7440952659,1936.27672559907,8880059310.330063,,11021822315.3172,526930973.036641,,0
2023-04-20,28251.2763790181,1943.00065926359,8701322575.653513,,8649744774.3872,403887494.244741,,0
2023-04-21,27292.0211052016,1849.59096668615,8349980380.392716,,8535614918.72332,295625665.896725,,0
2023-04-22,27827.5475920514,1875.55641846873,8570724372.355266,,4260267743.79879,132182093.681589,,0
2023-04-23,27604.6855742256,1862.81730888369,8431976098.587731,,4120658132.68747,173850770.841363,,0
2023-04-24,27520.1996729982,1842.86772092344,8403401981.310803,,7050552654.1377,202557528.405119,,0
2023-04-25,28302.6942180012,1868.05564640561,8600252590.619768,,6847442589.98969,204568961.792353,,0
2023-04-26,28384.2340333139,1866.89703068381,8356161128.68412,,15212447057.5315,422728011.009349,,0
2023-04-27,29465.5514272355,1909.36528959673,8767934899.202585,,12363485144.1569,302747672.722161,,0
2023-04-28,29350.811886616,1893.93526767972,9176987287.506176,,7144326139.33317,304091290.234226,,0
2023-04-29,29221.5145075979,1905.84894038574,9099307456.972326,,3207709786.45169,216748120.647655,,0
2023-04-30,29362.0867974868,1885.55236995909,9039207776.346586,,5504280186.65025,226091800.714678,,0
2023-05-01,28114.9531873174,1831.77346551724,8648706061.572449,,7883497032.76295,263082993.942638,,0
2023-05-02,28690.5809959088,1872.31188398597,8760684761.182426,,6646631455.91449,168305653.918739,,0
2023-05-03,29045.0427735243,1905.09636908241,8748435055.614946,,8265211496.74266,261107097.120298,,0
2023-05-04,28855.8574465225,1877.04549620105,8569135593.949152,,6166023948.11434,166775549.998039,,0
2023-05-05,29552.9695236704,1995.59514143776,9004351944.619524,,7492150984.02663,253011901.604245,,0
2023-05-06,28899.4629602572,1900.32479427236,8664951685.654854,,5931118826.14168,215066359.693701,,0
2023-05-07,28761.738434249,1900.28729222677,8684588029.057178,,3911869860.59195,181066648.544122,,0
2023-05-08,27727.2854091175,1850.24827673875,8158139256.021862,,7737229754.28401,341853725.578339,,0
2023-05-09,27642.4281092928,1848.22007364115,8167834306.001389,,4884140425.78725,156309933.431028,,0
2023-05-10,27646.004902104,1842.46204091175,8289991316.088246,,8491614187.99078,290889638.94966,,0
2023-05-11,26986.271065751,1795.59223991818,7991615407.250107,,6425277783.8665,220642056.879406,,0
2023-05-12,26773.3443591467,1807.86421858562,8255224241.500544,,7818548935.83939,217973885.208109,,0
2023-05-13,26841.3982913501,1799.58322033898,8267982359.86053,,2838317748.94893,123253715.644072,,0
2023-05-14,26918.261597896,1799.90850993571,8283331074.600018,,2882677526.95002,102344384.25425,,0
2023-05-15,27231.6216052016,1819.31062916423,8320019596.158867,,5590897813.89406,180459126.835946,,0
2023-05-16,27025.7181864407,1824.28658240795,8180790633.084347,,4764764947.28637,163720255.769378,,0
2023-05-17,27401.0440610754,1822.18958416131,8338856693.73211,,5810913341.00315,157623323.055061,,0
2023-05-18,26843.2350938048,1803.8054377557,8057383742.361862,,6212796258.1811,166241468.08876,,0
2023-05-19,26889.503631502,1813.16229193454,8055524409.480825,,4389699021.58263,76342608.3571767,,0
2023-05-20,27100.8582878434,1819.32194330801,8023578666.724621,,1915270275.4107,59795723.9329231,,0
2023-05-21,26777.0977831677,1806.48285184103,7780293544.681741,,2854390677.01868,120620438.242126,,0
2023-05-22,26858.7370637054,1818.20541291642,7744573140.7147455,,4451246527.73625,127554526.713094,,0
2023-05-23,27226.8558763881,1854.56284511981,7942586184.099399,,5505951484.51493,146195648.348333,,0
2023-05-24,26341.4306446522,1801.14089976622,7614979248.068389,,7096599462.91324,174767481.762151,,0
2023-05-25,26484.8359234366,1806.9382106955,7632297814.461986,,5832917354.58186,107400573.113963,,0
2023-05-26,26720.3838071303,1829.23536440678,7674296490.446043,,5003777162.30405,69252511.2860207,,0
2023-05-27,26854.5403702513,1830.77384950321,8086922998.134465,,2538585694.49905,94872851.0504324,,0
2023-05-28,28097.5211259497,1911.28677440093,8254452250.921912,,5798613422.82504,159040556.90436,,0
2023-05-29,27765.0728693746,1894.85833810637,8164142965.257862,,6119584360.69081,124031602.248115,,0
2023-05-30,27712.4915844535,1900.83276183519,8419637610.849951,,5484483730.76384,218750260.388644,,0
2023-05-31,27217.6832580362,1872.94246113384,8247032358.694074,,6911520753.53008,140162468.319594,,0
2023-06-01,26825.3713451198,1861.87719082408,8129775580.224573,,6363290083.97795,116851576.153783,,0
2023-06-02,27255.2279941555,1906.95200964348,8433888378.100362,,6652686405.18054,134247224.821278,,0
2023-06-03,27079.4084643483,1891.8916364699,8395468790.196158,,2858086295.59844,76078813.8021999,,0
2023-06-04,27158.25456955,1892.3073100526,8699627015.33196,,3471882669.18043,186461531.003303,,0
2023-06-05,25785.8514842198,1812.74285300994,7967383486.968408,,10148508271.7087,365803433.425521,,0
2023-06-06,27213.7705187025,1883.15331735827,8113452027.683117,,9619485776.8066,259620230.529571,,0
2023-06-07,26339.5790292227,1831.89239801286,7410504566.8384285,,8417286897.00551,239012289.894414,,0
2023-06-08,26521.693600526,1847.23547516072,7529158876.632822,,4618255536.75047,143781541.1971,,0
2023-06-09,26470.6775780245,1838.42196376388,6883249633.37524,,4223919193.03668,284115087.5769,,0
2023-06-10,25863.2138506721,1752.90041496201,6253793898.579314,,8255423375.05576,746098763.738469,,0
2023-06-11,25906.8281516657,1751.8336811806,6184371338.682196,,3912637767.86875,247661423.326335,,0
2023-06-12,25906.7519354179,1742.45293424898,6066292208.48466,,4670223904.59891,220250459.009841,,0
2023-06-13,25880.8599734074,1736.92458503799,5979953891.595765,,5877742254.14895,206622581.411363,,0
2023-06-14,25097.5853796026,1650.15449649328,5771912120.233701,,5863303245.96844,168048732.099463,,0
2023-06-15,25559.1433293396,1663.84364611338,5881594073.495292,,6053072252.21111,188312902.726753,,0
2023-06-16,26331.8200943892,1716.62002104033,6111816968.406043,,6021517323.11284,131111155.626996,,0
2023-06-17,26514.1713495032,1727.57647136178,6248601608.096037,,3578241960.02115,111526137.73938,,0
2023-06-18,26353.962682934,1720.11903828171,6160444358.046545,,2867206944.91207,71230284.629223,,0
2023-06-19,26778.0634415547,1734.98348451198,6385318502.317927,,4868829634.88203,86515784.6427245,,0
2023-06-20,28305.4204573349,1789.79935710111,6627128467.84796,,9160851015.98744,150825759.201627,,0
2023-06-21,30099.5153509643,1894.31125803624,6910500368.163364,,14825598404.502,210882670.981313,,0
2023-06-22,29952.5112866745,1874.36079076563,6661310832.1661,,8687518014.14314,174334407.753474,,0
2023-06-23,30638.3537644652,1891.57702922268,6831580169.480986,,11839148108.0887,235024500.966625,,0
2023-06-24,30549.0162872589,1876.10660052601,6645691545.942752,,4875703648.32346,152434204.954738,,0
2023-06-25,30467.4403705435,1899.80092402104,6780663425.863044,,5256751662.66916,148985444.845099,,0
2023-06-26,30255.8861241964,1857.5683351841,6494454276.004457,,7410950245.38251,166398327.275979,,0
2023-06-27,30667.0762948568,1888.94404208065,6637033627.338503,,7234774435.83242,148161950.374435,,0
2023-06-28,30104.0432717709,1829.66858649912,6405309493.191141,,5909934222.4884,188871635.876284,,0
2023-06-29,30460.792978083,1853.17543687902,7185754878.437477,,4914939135.46498,450835331.528004,,0
2023-06-30,30484.503257744,1934.61751548802,7581542759.43897,,11780502234.0865,707906584.477381,,0
2023-07-01,30581.6889655172,1923.13508825248,7429898155.199638,,2726601695.1136,197277675.160826,,0
2023-07-02,30594.2164736996,1935.59753769725,7799019934.378919,,3537090094.08341,295242924.792571,,0
2023-07-03,31135.3575993571,1954.20382291058,7683314782.943038,,6043993583.41985,179054608.865355,,0
2023-07-04,30799.9474558738,1938.38063091759,7731052731.210682,,4748446596.38134,186035758.682909,,0
2023-07-05,30497.8221282876,1912.14585213325,7609886272.390091,,4829206679.15812,149471553.167526,,0
2023-07-06,29979.7298094681,1854.37547632963,8001286914.579219,,9654693738.59838,548614898.656148,,0
2023-07-07,30329.8829786674,1869.3275622443,8607897295.004265,,5314294892.34864,611190924.099256,,0
2023-07-08,30263.6196341321,1864.05657831677,8776277541.440022,,2261205453.26375,422952049.449946,,0
2023-07-09,30163.2210563998,1862.63280011689,8586163808.83131,,2596995708.68072,232981681.594449,,0
2023-07-10,30394.6555806546,1880.33877177089,8581105198.808986,,6215298401.39139,311310656.456092,,0
2023-07-11,30616.247094097,1878.36697545295,8871458026.81726,,4874528785.89643,262905198.534487,,0
2023-07-12,30385.6087852133,1871.59052337814,8851781061.87305,,6230948433.22709,330049645.321884,,0
2023-07-13,31434.7354704851,2002.01825043834,10406848158.85277,,10790373342.4088,959193663.010511,,0
2023-07-14,30310.6720204559,1935.13725511397,10757317867.534843,,8953014991.66469,1478589024.49193,,0
2023-07-15,30290.8905958504,1930.71778521333,11037533055.11776,,2265207886.0573,816670318.79016,,0
2023-07-16,30249.7729658095,1924.54624693162,11017404314.245089,,2764118875.90415,478931982.993204,,0
2023-07-17,30143.7462744009,1912.2863798948,10820243011.686749,,5106405292.94993,590237436.108163,,0
2023-07-18,29835.7474076563,1897.39907071888,10269785947.99548,,5094855133.8525,428422919.29789,,0
2023-07-19,29913.0294646406,1889.51615166569,10629639325.32472,,4532638264.22731,385081087.28681,,0
2023-07-20,29805.6065707189,1891.97682437171,10234265973.9654,,5669369708.51089,390656397.405936,,0
2023-07-21,29919.6934921099,1892.11009234366,10321913629.249693,,3704983459.07881,248422419.174631,,0
2023-07-22,29726.0096271186,1861.28420485096,9895777185.91983,,2219276843.90275,206900601.352654,,0
2023-07-23,30066.5724482759,1887.97183430742,10010867327.921385,,3083037645.9961,200335828.890468,,0
2023-07-24,29178.3597042665,1849.92425336061,9459600018.532995,,6486581945.12438,306286723.462845,,0
2023-07-25,29221.2548533022,1857.55349269433,9396247137.59628,,3444990279.57299,210116571.917574,,0
2023-07-26,29361.5917580362,1871.16815838691,10184644068.098013,,5178877856.80641,429735845.85105,,0
2023-07-27,29201.6865175336,1859.04174693162,10143197656.257734,,4153175440.06141,324946547.00961,,0
2023-07-28,29316.3130751023,1875.01526972531,10053550445.268543,,4329003455.71212,230536773.222619,,0
2023-07-29,29360.376179135,1881.00276534191,10185849054.569515,,1931308938.76061,158189279.492849,,0
2023-07-30,29262.8367337814,1861.50678521333,9808686706.227362,,2998235280.57321,235037433.449208,,0
2023-07-31,29219.8201887785,1856.18514465225,9595563872.372978,,4799611830.71239,230397631.502488,,0
2023-08-01,29499.5875385739,1866.98985067212,9666843100.771242,,7836049469.24089,264613772.53849,,0
2023-08-02,29143.1519620105,1838.2950862069,9363083821.09363,,7872215309.45023,243057902.393407,,0
2023-08-03,29192.3448617767,1835.91625482174,9172068642.003569,,5148828183.38209,230567800.951013,,0
2023-08-04,29057.2532437171,1826.2735829924,9222633638.861511,,4719711906.13087,238026325.795072,,0
2023-08-05,29053.0956975453,1835.38041437756,9155322176.93271,,2030023814.6101,155601868.542194,,0
2023-08-06,29048.0433275862,1826.94227440093,9390128991.155825,,2353549520.77712,204943949.946996,,0
2023-08-07,29164.3585873758,1825.86593308007,9329815834.969456,,5542085527.16535,222441274.192757,,0
2023-08-08,29779.511383986,1856.70175043834,9815108003.900969,,7298489071.92482,314654936.802844,,0
2023-08-09,29582.9442375804,1855.32526271186,9897225594.642384,,6264604698.42638,281319269.53638,,0
2023-08-10,29430.1599117475,1850.89056019871,9985516059.064724,,4537729588.20097,206679326.433206,,0
2023-08-11,29399.784739626,1846.58541788428,9966149969.504225,,3635531576.6074,193110934.349535,,0
2023-08-12,29415.733902104,1848.60640794857,10105729638.681671,,1601995960.37774,160108622.989533,,0
2023-08-13,29286.1176110462,1838.95695002922,9847273796.37204,,1969606358.30211,163932829.943661,,0
2023-08-14,29408.9717127411,1843.84205055523,10209290059.5379,,5411567058.55043,224203896.483615,,0
2023-08-15,29167.59721654,1827.12240327294,9683652049.266735,,4488882769.7619,263357634.510385,,0
2023-08-16,28754.2924079486,1806.94174839275,9254726498.129557,,5397398364.49976,268972810.359669,,0
2023-08-17,26660.5627264757,1688.89880537697,8877604906.685843,,13687172656.8134,394005154.754792,,0
2023-08-18,26037.3658474576,1660.65438603156,8680082925.173014,,9612175514.89753,254194126.806167,,0
2023-08-19,26093.981808007,1668.86229748685,8910312653.465378,,3644527423.40912,150150255.156179,,0
2023-08-20,26176.4721642315,1683.56179661017,8866899049.557129,,2734270910.77967,124000619.733273,,0
2023-08-21,26128.9050160725,1667.28708883694,8651143270.44025,,4879156212.88893,217871520.998316,,0
2023-08-22,25978.2096914085,1631.88740853302,8362479448.094311,,5539445605.87154,244067176.322105,,0
2023-08-23,26452.1935882525,1678.89443424898,8830418596.029396,,6338027659.6103,250663250.50979,,0
2023-08-24,26126.7943331385,1656.64010169491,8555308371.132534,,4584258863.60829,202693919.559866,,0
2023-08-25,26040.881255114,1652.96844623027,8310481245.878672,,4684616570.96296,169706379.570276,,0
2023-08-26,26006.1740800701,1645.92842226768,8265763650.924302,,1364857637.35271,86639998.4889923,,0
2023-08-27,26086.3612594974,1656.75394593805,8475182944.467822,,1634778171.90988,109227158.88431,,0
2023-08-28,26103.2765730567,1652.81391934541,8390607513.781251,,3675374039.36693,119477301.256965,,0
2023-08-29,27672.2221306254,1726.95467679719,8873369050.821512,,11854107500.738,292832143.264311,,0
2023-08-30,27298.997779661,1705.04314114553,8512148378.563523,,6179730013.96715,181999230.356846,,0
2023-08-31,25954.8665935126,1645.67690531853,8053976163.968899,,8209623515.08303,218373827.600143,,0
2023-09-01,25802.7885298071,1628.75344476914,7884424758.69897,,6902128000.88052,176409881.856091,,0
2023-09-02,25868.2960976037,1636.88336528346,7959226823.319671,,2929835094.58975,119483358.30162,,0
2023-09-03,25962.5475689655,1635.56472647575,8001227411.09708,,3089859704.8954,102273601.852577,,0
2023-09-04,25799.5256870251,1627.41772355348,7945529390.65601,,3678098576.83685,126951304.332282,,0
2023-09-05,25782.3622200468,1632.72254324956,8286076891.790507,,3712055278.70461,238785242.936802,,0
2023-09-06,25754.7902676797,1632.395921391,8019958163.375241,,4656976560.44284,185182312.545383,,0
2023-09-07,26210.6045637054,1646.08132933957,8131669768.528576,,3723070041.10573,139386799.446085,,0
2023-09-08,25904.6982127411,1636.38499357101,8027358512.195039,,3507237481.97328,127134195.836267,,0
2023-09-09,25894.6205976037,1634.67623524255,7965549837.250975,,1187645696.0485,53134420.0319103,,0
2023-09-10,25831.4647802455,1617.41718790181,7508388034.105402,,2263377937.99306,325872028.477208,,0
2023-09-11,25135.0393781414,1549.35964874342,7255589315.601297,,5417217457.76919,228851655.176481,,0
2023-09-12,25859.7018068381,1594.0094345412,7373235575.390702,,7239867563.2473,219261467.928748,,0
2023-09-13,26226.8667524839,1607.7192194623,7553037786.337789,,4279985003.82317,220868202.763199,,0
2023-09-14,26556.056943308,1627.52328755114,7753351136.924659,,4696088237.19709,207422768.036583,,0
2023-09-15,26672.6160818235,1643.92288106371,7894549310.522393,,3424122725.27205,113617406.186536,,0
2023-09-16,26555.6361031561,1634.72032933957,7861613578.888893,,1744591047.68174,74169024.9501539,,0
2023-09-17,26502.4321189363,1620.58054354179,7724977146.239907,,1490607082.23163,55085440.7775242,,0
2023-09-18,26764.6319064874,1637.64761016949,8087242644.2727585,,5560639373.11866,180863263.977572,,0
2023-09-19,27215.0504848042,1643.48128784337,8243468469.915307,,4913249704.95742,139621941.922041,,0
2023-09-20,27133.4037235535,1622.66867942724,8347682604.3511715,,4633520638.69706,127988202.57451,,0
2023-09-21,26571.5952919345,1584.68828667446,8017758208.803525,,4276124173.70127,137192843.231651,,0
2023-09-22,26581.1476116306,1593.62554763296,8022337311.902544,,2843604495.26479,88797839.073149,,0
2023-09-23,26575.776386616,1592.93375365284,8028702134.973336,,1166107250.28924,45040295.0065861,,0
2023-09-24,26286.6410488019,1581.2407817066,7984596080.23587,,2095763667.57846,56483274.573947,,0
2023-09-25,26288.8095005845,1587.55197077732,7998384322.167101,,4051736612.2113,85152087.6286576,,0
2023-09-26,26194.5378880772,1592.03694038574,7841199286.520493,,2834296816.29659,87729770.0913071,,0
2023-09-27,26336.0825973115,1596.47206604325,7884077345.249179,,4845264264.86937,119497666.880446,,0
2023-09-28,27033.4254415546,1652.89402893045,8233324460.277874,,5964040338.68015,128829527.88065,,0
2023-09-29,26911.2514739918,1667.55800642899,8382577236.445898,,4361323030.38448,119989609.269401,,0
2023-09-30,26977.6933126826,1671.13527235535,8831578970.668808,,1755807865.42987,199558267.560417,,0
2023-10-01,27950.1453594389,1731.54860958504,9902619327.176104,,3789419594.09173,398344901.361425,,0
2023-10-02,27565.8892954413,1663.19262887201,9654210449.774307,,8727177078.79985,419591882.982281,,0
2023-10-03,27439.1422393337,1656.90272647575,9719444134.246271,,4947479217.07104,424238081.752904,,0
2023-10-04,27797.251176505,1648.97039859731,9577670152.222357,,4802327917.73492,266065732.025286,,0
2023-10-05,27426.3450926359,1613.01122939801,9389580992.02134,,5332495417.61373,224600753.001865,,0
2023-10-06,27941.9633760959,1645.72665341905,9681336639.032162,,6071007807.01223,237877503.934953,,0
2023-10-07,27972.7515704266,1635.14589070719,9630822479.000769,,2616586287.0762,160597956.258217,,0
2023-10-08,27936.3261157218,1632.99003798948,9623239932.984392,,3254719839.19729,104154404.041931,,0
2023-10-09,27591.3467618352,1579.55456808884,9154877132.563568,,5457622957.33813,213448195.124764,,0
2023-10-10,27419.7971803039,1568.32793717125,9170452669.939337,,4514397807.13586,144439533.383595,,0
2023-10-11,26828.1725710111,1565.31241496201,9099974754.401054,,6260905029.8434,172731452.552694,,0
2023-10-12,26741.3405990649,1538.10105201636,8850022831.258224,,4287513478.22333,175152350.362742,,0
2023-10-13,26842.4467703098,1550.26081034483,9076833624.476131,,4544161112.75262,162263457.684863,,0
2023-10-14,26861.9892375804,1555.66229076563,9156777270.988308,,1882805808.42809,103612644.62142,,0
2023-10-15,27130.3067092344,1556.29597632963,9122595517.168377,,2820659277.20147,103457220.272106,,0
2023-10-16,28506.7936741671,1600.99388457043,9988105056.938255,,12324231538.4948,471510130.731868,,0
2023-10-17,28433.2051522501,1565.29439362946,9979327706.213608,,6382458113.24064,339564804.104117,,0
2023-10-18,28328.0750195792,1563.40930859147,9770828532.137337,,5498621182.7419,238350727.325188,,0
2023-10-19,28690.358041204,1566.42841876096,10353687428.487144,,6304460034.5032,440094574.911555,,0
2023-10-20,29704.9853673291,1605.57386294565,11299213889.8392,,9627457733.97917,608908018.116958,,0
2023-10-21,29922.5464044418,1628.75319929866,12239039611.696953,,4908622874.48384,774721838.738168,,0
2023-10-22,29984.1593196961,1663.03004091175,12073569712.952765,,4357335589.33747,447692396.895546,,0
2023-10-23,32954.1690482174,1763.06074313267,13277498823.123665,,16565435018.9741,1068886210.31584,,0
2023-10-24,33880.9566537113,1784.6231823495,12571529178.3235,,19576541722.8764,990743767.545808,,0
2023-10-25,34488.6589210988,1786.28815692577,13534345081.135792,,11314675190.1748,997843363.49188,,0
2023-10-26,34181.4922521917,1804.61282933957,13722569034.534536,,8615390557.1139,709043023.097308,,0
2023-10-27,33896.938528346,1780.84673845704,13272558131.134825,,7105739348.65594,610380470.651687,,0
2023-10-28,34091.5890327294,1776.20995675044,13249178494.180643,,3717269221.56945,242523017.932973,,0
2023-10-29,34574.3377206312,1797.71945149036,13763115878.108845,,4172953364.72907,338828029.034052,,0
2023-10-30,34495.1050207481,1809.38564757452,14645161810.42172,,6957948419.08287,762971948.866087,,0
2023-10-31,34636.4264736996,1813.54269783752,16039262756.955069,,6883517299.59123,1080478333.96437,,0
2023-11-01,35431.9794532437,1846.08104295733,17328917841.551388,,9548618314.35979,2577293777.61888,,0
2023-11-02,34882.9173366452,1799.2211244886,16810768458.527365,,9262709776.03869,1790098594.21144,,0
2023-11-03,34708.2218804792,1832.61355727645,16589861338.052464,,7095965429.4109,1206738467.12495,,0
2023-11-04,35091.0763062537,1859.52932407949,17806418704.937614,,3374871978.97986,995922686.371029,,0
2023-11-05,35105.0420265926,1896.54958766803,17345812149.790646,,4822792964.071,585400957.190613,,0
2023-11-06,35017.7151484512,1898.86499298656,17608310170.851498,,5083270154.96419,670086690.310122,,0
2023-11-07,35418.4768901227,1886.19089158387,18072942402.324413,,7351195616.13866,1225104920.63958,,0
2023-11-08,35797.8946090006,1892.6552150789,18233136875.51977,,6911668170.52854,708960004.835705,,0
2023-11-09,36675.3264333723,2115.80718468732,19037621460.673443,,15948098456.8781,1973797056.42919,,0
2023-11-10,37367.4943722969,2080.74105844535,23927518224.129463,,8914376429.05293,2559380189.08097,,0
2023-11-11,36979.9312405026,2046.32508503799,23777177393.06294,,5097651991.82345,2971790148.23904,,0
2023-11-12,37053.3410514319,2044.94616014027,23633184728.73628,,4172077176.72745,2082297863.5316,,0
2023-11-13,36543.2680870836,2062.53573699591,22047841509.31808,,7867716300.19743,2053050767.28815,,0
2023-11-14,35590.6835645821,1982.44437434249,24042779752.77692,,10073551301.0385,2158386777.50278,,0
2023-11-15,37840.5534894798,2056.27591466978,27585020201.60708,,10978796242.1826,2592895932.06249,,0
2023-11-16,36160.4044509059,1959.63886236119,24269161416.649807,,10843548581.158,2832597685.32335,,0
2023-11-17,36569.7120534775,1958.85209994155,24688550401.99644,,8609484089.36373,2212447054.77305,,0
2023-11-18,36577.4249617183,1962.39401081239,24729499612.27725,,3820646508.27299,1243244392.41028,,0
2023-11-19,37442.7285119813,2009.78161805961,26053688122.91047,,4365444223.66059,1305203170.65614,,0
2023-11-20,37516.0503708358,2024.27034190532,23886289411.680973,,8633330601.56019,1304137805.59407,,0
2023-11-21,36035.0330862069,1945.5181244886,22079123906.832844,,11345690429.9683,1689514652.09194,,0
2023-11-22,37403.0347168323,2064.39985739334,24350389348.513527,,9696815489.42801,1284007624.66256,,0
2023-11-23,37311.7192156634,2063.22440122735,23965482649.758984,,5661761184.07023,897067665.811456,,0
2023-11-24,37718.7841630625,2079.30062361192,24052730266.412247,,9283265713.24858,741956184.799847,,0
2023-11-25,37800.1260932203,2084.53667621274,24880493308.02432,,2935657938.97158,773016459.50661,,0
2023-11-26,37482.7055260082,2065.37363062537,24395064723.86544,,4749678489.38109,557018705.292051,,0
2023-11-27,37229.2452197545,2027.24106779661,23309881973.27046,,7489775041.37108,827015572.506516,,0
2023-11-28,37828.4655911748,2049.73816247808,24594530350.084057,,8682782877.3945,962853016.919113,,0
2023-11-29,37846.8531227352,2028.84542109877,25077987693.03596,,7825117481.34727,1364632752.37381,,0
2023-11-30,37712.7114789597,2051.0453308007,25070003518.02384,,5939392550.35872,858870830.488765,,0
2023-12-01,38703.5536820573,2086.10865020456,25374524512.32921,,9347568826.5086,961082134.008173,,0
2023-12-02,39462.2799272355,2164.74958825248,26863172897.87083,,5949409529.20288,950337055.633015,,0
2023-12-03,39978.2226104617,2193.55490765634,26786029921.440098,,6093915090.9456,986654334.861883,,0
2023-12-04,41910.2994815897,2238.0204748685,26052148075.145924,,15988298256.6012,1607904281.87609,,0
2023-12-05,44067.0054763296,2291.50846785506,25810762196.79693,,15948537678.6109,1210326735.34098,,0
2023-12-06,43745.8343907072,2231.62348100526,26524761648.558426,,13324410750.8896,2217942066.93842,,0
2023-12-07,43282.6182261835,2354.39729836353,28726711342.27167,,11573711318.6813,2139817404.58481,,0
2023-12-08,44205.0522089421,2359.29733576856,31743252884.2615,,10161998447.9261,2619236306.71636,,0
2023-12-09,43740.0063927528,2341.9603766803,30900689590.67109,,6797659427.68227,2128430502.7242,,0
2023-12-10,43732.7120900059,2351.04702162478,31633385285.083263,,4823569819.0459,1301580857.07823,,0
2023-12-11,41209.8947904734,2221.86452425482,29877126456.833195,,17260175545.0967,2657160392.01529,,0
2023-12-12,41467.2735698422,2201.24024839275,29258179882.5208,,10941804000.8406,1716223514.97408,,0
2023-12-13,42939.0607583285,2260.86859175921,30192030349.4674,,11726004748.7097,1698257026.0834,,0
2023-12-14,43033.1371560491,2319.55548042081,32380228750.37633,,11311843952.8044,1732402637.74136,,0
2023-12-15,41978.0970195792,2221.4636277031,31218697036.157394,,8608453744.13104,2057733427.97186,,0
2023-12-16,42203.2140450029,2224.69860870836,31378677848.84932,,6093493256.47068,1278250749.2724,,0
2023-12-17,41428.6657855056,2200.06795558153,30425276171.78744,,7021378472.63511,1110429588.9202,,0
2023-12-18,42635.7331911163,2215.89467299825,31815601533.75809,,11494320344.9462,1628689232.06689,,0
2023-12-19,42271.863025716,2176.07665926359,31087664791.321125,,10621280570.4609,1371997548.98795,,0
2023-12-20,43605.1555549386,2195.89209263589,35036663019.85202,,12722756432.9521,2606303829.77328,,0
2023-12-21,43870.2382340736,2237.71803623612,40194966590.61004,,10320384226.3341,3188779515.04046,,0
2023-12-22,44009.5016551724,2326.30142402104,41860745448.45233,,8965129935.15327,3661170346.26134,,0
2023-12-23,43768.8067518995,2311.02396814728,46118035286.323845,,4515142974.25931,2668061631.7241,,0
2023-12-24,43097.8093258329,2268.21977440094,48172931737.8224,,6199013474.71702,4458449752.48748,,0
2023-12-25,43623.7504029807,2274.25886966686,51721113887.203285,,7193933449.69258,4094652305.28784,,0
2023-12-26,42491.1229079486,2229.44579982466,47750956080.83984,,10730949500.2154,4067406860.55909,,0
2023-12-27,43436.9594269433,2378.56683167738,45875080047.46623,,9344062846.96023,2912118022.59529,,0
2023-12-28,42670.6797180012,2351.43687638808,43905833232.37003,,9734850249.84027,3129907340.143,,0
2023-12-29,41998.6033442431,2295.94371127995,45384342620.05119,,10997021534.0938,3093908200.49258,,0
2023-12-30,42204.4917744009,2293.75403945061,43740578948.215904,,6627146775.03938,1302295843.60363,,0
2023-12-31,42217.1587913501,2279.07572355348,43418980191.00786,,6837092115.98312,1232361775.26375,,0
2024-01-01,44049.4735534775,2347.43826125073,46889271222.92197,,7250545702.1467,1458294088.51915,,0
2024-01-02,44941.160493571,2357.63096084161,45965121373.67985,,17081514981.0608,2633490480.34373,,0
2024-01-03,42773.6515423729,2207.34334979544,42328208656.12072,,19553734305.1442,3591931293.07123,,0
2024-01-04,44250.7452670953,2272.18009088253,45142664730.13589,,14039209485.2315,2199608404.49621,,0
2024-01-05,44146.3222022209,2267.64338778492,42999440472.631966,,14588099215.0152,2044798326.30619,,0
2024-01-06,43917.9798147282,2238.93393980129,40251656678.05643,,6247900761.32604,1532686700.80424,,0
2024-01-07,43844.195949737,2218.46866306254,38331460582.58518,,7431340107.70681,1558901439.88514,,0
2024-01-08,46981.3242995324,2332.30309205143,42213718220.54904,,18542335463.8869,2797673024.09278,,0
2024-01-09,46084.005795149,2339.66153652835,42656026701.21748,,19155255590.5785,2778751865.17654,,0
2024-01-10,46818.1592764465,2590.84570981882,44405860402.447136,,24715285126.3561,2883597702.12043,,0
2024-01-11,46380.8708082992,2618.69897837522,43228498200.60106,,22411212266.9828,2849400149.98632,,0
2024-01-12,42817.4305356517,2519.14196843951,39505708633.02326,,21213212040.1493,1983776795.63785,,0
2024-01-13,42846.9544699006,2580.01773290473,41355098832.918365,,9337122570.33207,1240357212.9199,,0
2024-01-14,41888.1513068381,2479.10104091175,40857224994.601074,,7573647279.56308,1883821904.9139,,0
2024-01-15,42528.9192489772,2512.73806808884,40787307158.56172,,9928562848.03012,1120454681.38361,,0
2024-01-16,43171.4472241379,2590.58586411455,42256799362.39548,,10909593921.3203,1162891071.72474,,0
2024-01-17,42689.304327294,2524.52326651081,43920742459.57839,,9956022710.59777,2268912594.07308,,0
2024-01-18,41261.9076177674,2466.73101315021,40835295632.67434,,12254888799.3269,1881549933.24579,,0
2024-01-19,41606.8535330216,2490.05942811222,40379284926.8422,,12472765847.6896,1822043943.89518,,0
2024-01-20,41668.6904102864,2469.73605902981,40087799025.01379,,4734275621.33125,831041237.780654,,0
2024-01-21,41537.1123562244,2454.59006867329,39438898600.636055,,3516213148.53601,606982260.770402,,0
2024-01-22,39577.0998603156,2312.20573436587,36183115130.7555,,16041563733.7669,1872512044.50103,,0
2024-01-23,39737.3143617767,2238.99027849211,36286611288.08817,,14034802469.4536,2087954349.92904,,0
2024-01-24,40101.8568980129,2233.65031472823,38396331023.04676,,10293589599.7834,1612734855.27087,,0
2024-01-25,39917.6611461134,2218.09818790181,37622046133.05915,,8336836447.41417,1158789472.65161,,0
2024-01-26,41860.7310458796,2266.88314348334,39931839514.0518,,11836749256.9865,1417326616.93341,,0
2024-01-27,42125.3014155465,2266.63358649912,40763004801.33608,,4277956106.26902,870501057.319391,,0
2024-01-28,41983.0202744009,2255.09584307423,41492886805.22198,,7452485056.59721,1711114688.92579,,0
2024-01-29,43218.3470821157,2314.929449737,43940840391.317184,,9287336135.4621,1811051686.25261,,0
2024-01-30,42950.0541277031,2348.3221987142,44402173370.9604,,11688762263.7086,2414503518.27968,,0
2024-01-31,42589.4708059614,2284.19509848042,42228093083.03071,,12400621163.4559,2760245728.66325,,0
2024-02-01,43020.3596548802,2300.17150613676,42517772061.38178,,10465078654.2751,2121941280.84395,,0
2024-02-02,43155.3852030976,2306.20428988895,43797841016.00368,,8982726520.13118,1894697245.2761,,0
2024-02-03,42982.3789979544,2294.85958562244,42630753434.71308,,5566272431.18389,959889634.590586,,0
2024-02-04,42576.2913050847,2287.55248538866,41618575284.38993,,7277561262.54872,921516371.562452,,0
2024-02-05,42619.2742738165,2296.7951823495,41644138706.09696,,9406372917.00863,1128406998.97303,,0
2024-02-06,43102.7062632963,2374.23775832846,42294412891.86023,,8190085455.03221,1138879745.44575,,0
2024-02-07,44253.0314731151,2424.69836703682,44040131366.592354,,10002456696.5488,1131395734.49639,,0
2024-02-08,45332.09157218,2421.88923232028,44977233722.1538,,12597654187.5386,1559550659.84541,,0
2024-02-09,47176.9665137347,2490.79084073641,46852786049.65495,,19841936110.6758,1963034822.04111,,0
2024-02-10,47792.8972156634,2500.52634102864,47669565577.2824,,7703583213.36024,1245233891.37236,,0
2024-02-11,48200.7986057861,2504.4711899474,46958405475.02855,,9603675210.26158,932876796.62007,,0
2024-02-12,49989.80371654,2654.8437238457,48816471430.37217,,17365521058.401,1820412455.89784,,0
2024-02-13,49628.0941528346,2638.38654091175,49128171945.57192,,15691373453.8968,1863148090.69596,,0
2024-02-14,51844.2929193454,2779.39197662186,51232220797.2752,,16940117136.519,1648524582.09545,,0
2024-02-15,51939.1472919345,2825.4183603156,49611165583.48709,,17451008707.4146,1723140182.18199,,0
2024-02-16,52157.3123977206,2802.71410578609,48618099092.12751,,13040715769.8271,1319774815.89217,,0
2024-02-17,51674.8158521333,2786.64820397429,48052822851.36347,,9005429080.27703,920277584.928358,,0
2024-02-18,52148.0645365283,2877.23226680304,49503755597.88061,,7526703072.98873,1009182181.43155,,0
2024-02-19,51804.8051537113,2948.52049386324,49137436417.81904,,9863692990.89278,1296087606.41722,,0
2024-02-20,52308.0531712449,3014.12615604909,47899926944.04827,,15883875039.0522,1777271853.05581,,0
2024-02-21,51744.321808007,2965.02309906487,46328970253.309166,,13513961689.9825,1531441892.06557,,0
2024-02-22,51292.3252574518,2972.48551987142,44955167329.88551,,12010457032.1936,1229948578.01278,,0
2024-02-23,50789.1431759205,2923.20721975453,44058984686.47658,,10099100115.9239,1062241397.93178,,0
2024-02-24,51578.2349164231,2990.13751957919,45949011448.63109,,5402504165.21732,789373142.647449,,0
2024-02-25,51746.4789669784,3111.73178638223,45605100077.95301,,6188818930.83848,648725228.494426,,0
2024-02-26,54551.8259184687,3175.87239129164,48501018143.177765,,16287851720.0519,1686171428.24892,,0
2024-02-27,57049.888220339,3244.34883255406,47767800193.41332,,23460065502.3598,1947515195.43816,,0
2024-02-28,62460.740619813,3376.60128696669,51958602852.30956,,37748173828.6664,3398453435.77684,,0
2024-02-29,61394.7818515488,3350.23638281707,55682628423.40732,,29592026760.1783,4567257861.73345,,0
2024-03-01,62524.401817066,3438.18769988311,57740964019.33608,,17712347587.8689,3117243324.14281,,0
2024-03-02,62049.6145637054,3420.33950701344,57443939918.65488,,10784520019.7121,1984763874.32089,,0
2024-03-03,62991.4422913501,3482.48343074226,57720106450.56524,,12296134824.5624,2094083936.52478,,0
2024-03-04,68091.8388243717,3630.73033343074,58799067808.8463,,34123998240.6555,3016092576.11083,,0
2024-03-05,63950.524329924,3552.95023524255,55634062946.526,,50764709477.5331,6391480630.17455,,0
2024-03-06,66103.7215400351,3820.764292519,57970276608.39342,,35033812966.6876,3522451640.94608,,0
2024-03-07,67070.3791484512,3868.68848305085,63991494446.840576,,22336546805.6111,4793416179.92269,,0
2024-03-08,68343.7149552893,3895.41697779077,64362660401.56434,,29222451631.7193,3508986098.82363,,0
2024-03-09,68502.5053392753,3914.19767445938,64139423747.73337,,9199042074.10539,1558830590.08088,,0
2024-03-10,68882.2513395675,3872.30338077148,63803107788.2754,,16809904496.0601,1855019178.43691,,0
2024-03-11,72198.0875341905,4072.90353009936,65957796193.10602,,33331070279.3948,3075975198.67778,,0
2024-03-12,71432.7283018702,3971.09591408533,66695734830.31005,,30705891174.7255,3864157319.89747,,0
2024-03-13,73081.5759053185,4004.5978722969,72615944490.6689,,22160525055.372,3389332885.4416,,0
2024-03-14,71505.2729076563,3882.89582524839,77995011036.22444,,30240525378.4319,5190465751.85848,,0
2024-03-15,69424.9141753361,3736.92063383986,81491103713.28682,,40360590608.5785,8891278282.7002,,0
2024-03-16,65433.6819006429,3519.47903243717,80340663604.11348,,23004415587.276,7019917734.14645,,0
2024-03-17,68285.0891691993,3638.45260432496,89755210666.21622,,21229313303.5583,5623059187.94345,,0
2024-03-18,67770.8865245471,3529.94917767387,87377320637.7707,,24265605725.4221,6436464336.47217,,0
2024-03-19,61969.3075394506,3165.8325338983,75246449037.80698,,38738969377.6432,8537873597.66561,,0
2024-03-20,67848.1076396844,3519.0726811806,85038435902.39618,,32123614449.8122,6367913247.52034,,0
2024-03-21,65454.7357232612,3489.54293863238,79571168237.02382,,21487928137.9348,4242739856.95882,,0
2024-03-22,63486.4849997078,3316.85662302747,76826397076.6654,,19721363454.3957,3134949114.0343,,0
2024-03-23,64361.2429047341,3354.71804412624,77117048828.33275,,11764824453.5242,1982018405.73513,,0
2024-03-24,67289.5658310929,3455.31273378142,81891628971.59683,,12911892642.0398,1926256077.88144,,0
2024-03-25,70042.0204237288,3595.95377440094,84243567867.39636,,21329523547.2738,3050096093.39685,,0
2024-03-26,70071.0472144945,3593.26549181765,84935885338.65038,,17284660355.8248,2539869076.19394,,0
2024-03-27,69267.8879815897,3498.33240648743,82469515311.1075,,20451494078.4613,2731899157.2194,,0
2024-03-28,70826.8968714202,3566.1563798948,84376810104.58301,,15976055967.2016,1981138920.32503,,0
2024-03-29,69917.0430070134,3516.30310140269,85458592299.79906,,11999225207.161,1977673224.97599,,0
2024-03-30,69663.0119073641,3506.18175686733,86405424747.82089,,7926552761.61882,1975508826.74288,,0
2024-03-31,71227.4517939801,3644.72632057276,89923397506.15508,,9203296614.50265,1435510242.75679,,0
2024-04-01,69791.6277305669,3510.49059088252,85732059587.61546,,17397697887.7802,2602221786.46294,,0
2024-04-02,65533.7548351841,3283.00576212741,80852266048.71434,,25508764845.7487,3031177455.52146,,0
2024-04-03,66130.2162393337,3317.26652045587,82604914820.39441,,17128825758.3984,2547401479.01204,,0
2024-04-04,68438.135024547,3327.80180274693,81659709755.68774,,16735981387.6052,1883229701.77972,,0
2024-04-05,67904.9094766219,3323.68147399182,77831600202.78362,,16347252619.5969,2613924885.06017,,0
2024-04-06,69136.0710783168,3368.21936294565,79750236443.37901,,8828303155.13492,1344298963.28682,,0
2024-04-07,69392.6830108124,3447.5169082408,79861253578.8148,,9406769292.48147,1279419161.78226,,0
2024-04-08,71712.7972840444,3700.18461426067,80517816922.08905,,17668577011.4529,1953607160.66448,,0
2024-04-09,69074.5418638223,3499.24437755699,76885314247.58435,,18376589885.3007,1756064657.68512,,0
2024-04-10,70579.4456767972,3541.31580829924,77258825486.40031,,18832758220.5695,2218840454.5727,,0
2024-04-11,70046.5536057861,3504.10413237873,76882536259.77005,,14374796057.1122,1772858564.62026,,0
2024-04-12,67098.113691993,3234.93164260666,68194256998.82912,,22015938771.4422,3077773672.23752,,0
2024-04-13,64551.6482875512,3030.38006370544,62392048542.51749,,26572714113.1136,5831851731.32925,,0
2024-04-14,65648.8099602572,3158.85037901812,67716799120.70407,,22769527349.2812,4536249124.70429,,0
2024-04-15,63393.325166277,3103.08803565167,61846547891.77201,,20122868493.293,3775035411.15935,,0
2024-04-16,63784.8203340152,3088.46737171245,61046499622.15789,,19855744773.4029,3476130490.48278,,0
2024-04-17,61324.2184286967,2984.85811309176,59209941184.24792,,21032645521.6673,3489990746.46871,,0
2024-04-18,63510.14500263,3067.80594067797,63589108103.81202,,16729182705.96,2964337355.8564,,0
2024-04-19,63762.6310300994,3055.9694956166,63655414613.30072,,24290125621.7131,4238283856.17461,,0
2024-04-20,64907.9928366452,3155.52894243133,67331071348.656845,,10209755943.9128,1923736883.89921,,0
2024-04-21,64968.192619813,3147.65961542957,66440740030.50808,,9474636328.85014,1506934324.75066,,0
2024-04-22,66944.5960911748,3205.79751431911,70319516128.03328,,13646040858.8911,2084640858.38886,,0
2024-04-23,66385.3002919345,3217.77177995324,69240147032.50795,,12194434100.9958,1835659813.96966,,0
2024-04-24,64189.9679064874,3133.02161046172,65896955607.21297,,15881071503.611,2650396996.04535,,0
2024-04-25,64515.3874725307,3158.31867445938,64846043095.95698,,17731373529.3558,2127642453.45922,,0
2024-04-26,63777.4715002922,3129.83962390415,62282181722.61277,,11464251164.215,1513147637.24307,,0
2024-04-27,63429.3099649328,3253.06380333138,63252813737.73272,,8373511757.42309,1421246568.13562,,0
2024-04-28,62978.5770049678,3262.86946580947,61608208892.65613,,7491524824.73415,1077910850.9641,,0
2024-04-29,63908.3888766803,3220.45092109877,61664390925.90713,,13056261845.7129,1529793764.49322,,0
2024-04-30,60636.3261633548,3012.4375447107,56776553607.376434,,18760431064.926,2232931365.65763,,0
2024-05-01,58141.7772799532,2970.35463997662,60060790617.04957,,24737539559.197,2916690180.31295,,0
2024-05-02,59170.1088936295,2988.55618001169,61742956396.44636,,15829327094.8138,2252666575.82441,,0
2024-05-03,62983.6554783752,3107.4065829924,64388479913.72052,,16327186144.1375,1910031826.25893,,0
2024-05-04,63881.1305429573,3116.85577060199,65412585370.60406,,9029725334.89264,1237183608.3732,,0
2024-05-05,64067.5959918177,3138.82202250146,65190438575.465225,,7753748893.08393,937709568.536302,,0
2024-05-06,63228.1031341321,3067.52578550555,68477829587.91311,,14093132482.153,2189826784.83415,,0
2024-05-07,62396.999720339,3014.6582182934,66473062050.77436,,13220781325.324,1991269146.5029,,0
2024-05-08,61079.27442782,2970.40599883109,63646123038.30877,,13478603263.1822,1840587753.92464,,0
2024-05-09,62998.4903381064,3034.47790239626,68226102661.058304,,11740991586.8101,1590599481.82364,,0
2024-05-10,60896.6418880772,2910.85627527762,65597926897.38264,,12913363816.9243,1845036069.54296,,0
2024-05-11,60843.5729240211,2911.31118176505,65235649447.341125,,5455046417.61127,858745221.617039,,0
2024-05-12,61431.2746879018,2930.52381063705,64360391722.59361,,5509089321.32595,668141349.392167,,0
2024-05-13,62886.9394491526,2948.49537142022,66064074677.97224,,13211250469.4027,1874334171.85054,,0
2024-05-14,61555.5670046756,2881.04924284044,63746266373.74591,,12113667607.9972,1505186621.05101,,0
2024-05-15,66281.5322542373,3028.85788924606,70827402384.28418,,17172897069.1223,2064726442.8064,,0
2024-05-16,65269.2603246639,2941.34486236119,71426498497.80602,,12906388209.7753,2055649924.81981,,0
2024-05-17,66956.4409476914,3092.48875365283,76023815418.33093,,11811647501.0708,1965543913.9525,,0
2024-05-18,66977.6006914085,3122.58925452952,77412920064.39516,,5878346194.85118,1437087662.73362,,0
2024-05-19,66259.4704260666,3070.15583752192,76375003896.4905,,7041873685.29585,1342192380.8372,,0
2024-05-20,71202.2025902981,3661.91130683811,83588137798.88672,,18490055736.1398,2744377824.67462,,0
2024-05-21,70217.2546914085,3796.88597720631,80012073476.37962,,18835543083.7243,2639203486.56372,,0
2024-05-22,69074.9141350088,3740.96768877849,79384826280.87816,,14298552149.2962,2238719280.44854,,0
2024-05-23,67758.7306586791,3766.94141028638,78963591325.07504,,18478056191.2185,3031260861.84127,,0
2024-05-24,68608.998279661,3728.02142022209,75349221413.57343,,12171953685.1083,2285945789.39315,,0
2024-05-25,69282.7925976037,3748.06725365284,75628506062.18701,,5647519580.35803,1043795915.85418,,0
2024-05-26,68445.0069532437,3824.52689099942,73343898391.09886,,5805945887.07428,1520036008.27745,,0
2024-05-27,69347.815260374,3887.71309000584,76308399750.44272,,10599944567.7949,1570535877.80852,,0
2024-05-28,68342.8204488603,3844.94370251315,75837031672.01155,,13217023044.3864,1903479492.22103,,0
2024-05-29,67584.2632402104,3769.94606195208,77350693839.1413,,11381516745.6417,1670859494.11491,,0
2024-05-30,68375.4760260082,3747.58575832846,76800790932.0055,,12399825204.3701,1715750774.8423,,0
2024-05-31,67377.7626122151,3755.48389596727,76097913707.79245,,11245236295.3656,1435146200.20547,,0
2024-06-01,67714.3526399766,3813.36246522501,76258962884.25887,,4118586345.3642,590372098.758778,,0
2024-06-02,67805.4855742256,3781.31107510228,75063543169.68141,,6192684953.63663,887603454.272367,,0
2024-06-03,68833.3028351841,3767.48563822326,75770636419.77048,,13069431044.1001,1264523353.41567,,0
2024-06-04,70554.0894330801,3812.18925131502,78884931833.86119,,13704074333.0217,1171365418.84767,,0
2024-06-05,71087.4433158971,3863.33180479252,79757823562.97198,,13604866856.6694,1366405680.36796,,0
2024-06-06,70788.5013755114,3811.85764231444,78374201514.41934,,10437499206.3084,1112188896.45606,,0
2024-06-07,69338.1573240795,3679.91953915839,74746574729.79965,,15828294865.7454,1898442312.51039,,0
2024-06-08,69310.1092618352,3680.01974547049,72798792430.43799,,5663235248.91048,994129151.222802,,0
2024-06-09,69644.0190894214,3705.6370295149,74619998477.69751,,5172310950.03288,838173112.445514,,0
2024-06-10,69465.9362478083,3666.16929456458,73184508073.11034,,8753023986.24927,1073545638.62785,,0
2024-06-11,67368.263506429,3497.70045324372,68824683053.18027,,18296080106.6416,2091290254.94367,,0
2024-06-12,68213.8346838106,3560.79752922268,71404894520.5473,,16808022781.0314,2054374048.84841,,0
2024-06-13,66783.4902767388,3470.07002191701,68025603668.29232,,13613395924.791,1513394223.87724,,0
2024-06-14,65982.1865195792,3479.90397691409,65999777034.79665,,12994996576.4222,1678031034.16887,,0
2024-06-15,66204.904308007,3567.76231297487,67096545440.79375,,4958017660.39099,706003589.586942,,0
2024-06-16,66622.5999336645,3619.69397223846,69556963706.08795,,4646838310.79506,779142095.601959,,0
2024-06-17,66483.8785260082,3509.52888807715,66175409261.954735,,12946665205.5987,1590100583.75031,,0
2024-06-18,65112.1230020456,3477.65919520748,63293331261.914925,,17154948359.8229,2971508030.62723,,0
2024-06-19,64878.7141525424,3557.56530420807,62441141576.84119,,8320519730.08995,1650344739.93243,,0
2024-06-20,64897.7011542957,3512.66682817066,61701338094.99292,,10487188943.3612,1738881396.06316,,0
2024-06-21,64086.0489228521,3518.29662799532,62056761145.02425,,10823506045.5963,1647897283.50603,,0
2024-06-22,64258.135506429,3496.20113588545,61726173744.445564,,2939982450.65453,667539298.690309,,0
2024-06-23,63345.0218760959,3419.96013325541,59440787625.14881,,3654691779.97012,739525160.159452,,0
2024-06-24,60258.9554374635,3347.67256312098,60978834087.07365,,19349344375.4602,2560327198.13853,,0
2024-06-25,61739.6658477498,3392.701764173,63040293107.59422,,11961566774.7976,1878898068.71361,,0
2024-06-26,60794.4760584454,3368.95722998247,63185660733.23863,,8931736244.35188,1200596465.57709,,0
2024-06-27,61569.9234275278,3443.80289129164,68989499524.6785,,8657071869.67771,2047674541.67314,,0
2024-06-28,60303.3147364115,3372.74825394506,64583784607.150375,,10281355347.0991,1712877918.57051,,0
2024-06-29,60889.3298430742,3373.51496990064,64726637402.10452,,4188531828.17895,779120733.569654,,0
2024-06-30,62763.2796861485,3437.88873202805,67747022170.71615,,6274709490.46018,1097878253.4603,,0
2024-07-01,62835.3997647575,3437.63577878434,67682168149.41814,,10282004110.4522,1263890393.81972,,0
2024-07-02,62028.6170385739,3418.16105698422,71225958512.32457,,8012153705.4111,1425215462.59822,,0
2024-07-03,60216.3920859147,3294.66166656926,65081732185.93482,,11875055484.0961,1997197179.0857,,0
2024-07-04,57418.2420213326,3080.69562215079,59763914923.02888,,16868693674.1113,2349113675.37906,,0
2024-07-05,56720.9881256575,2986.23631122151,62263571565.96605,,21881106663.7751,3241505581.53628,,0
2024-07-06,58259.221773232,3067.92395236704,66324703793.00565,,7714676582.4437,1376189248.09919,,0
2024-07-07,56112.5725587376,2932.87202893045,61306907059.2407,,7569481196.53429,1244664710.96473,,0
2024-07-08,56691.9149061952,3020.46501139684,64702786067.6961,,16027546830.927,2499006702.05678,,0
2024-07-09,57981.4320967271,3064.17542840444,65573039812.25114,,10963306049.1727,1640988614.3945,,0
2024-07-10,57722.0113527177,3101.14742080655,65774040363.29648,,10008854853.9253,1319571648.58689,,0
2024-07-11,57307.712738457,3096.83160753945,63102535695.42752,,11321406493.2052,1571042514.19623,,0
2024-07-12,57859.1202819988,3130.37477936879,64567497174.09279,,10057565384.4722,1322288921.01407,,0
2024-07-13,59329.0372016365,3181.85794126242,65972688411.80346,,6041284387.83542,746275563.128391,,0
2024-07-14,61015.0339412624,3256.67111513735,68712354601.54523,,8242557173.64519,1339590892.88558,,0
2024-07-15,64734.7611697837,3487.98836323787,73982653898.29402,,14784189654.1439,1809149817.75113,,0
2024-07-16,65118.8266583869,3446.72606838106,74708963809.07704,,15955797076.2899,2119641390.03946,,0
2024-07-17,64201.3707805377,3394.09970572764,72288438774.58669,,12372196024.3492,1561301995.77412,,0
2024-07-18,63984.3022022209,3431.12034132087,73945623249.70346,,10444717921.8375,1400294688.96525,,0
2024-07-19,66755.7833828171,3507.49268585623,78592740593.0944,,14344051553.0607,2579977115.26284,,0
2024-07-20,67185.4978112215,3520.56696551724,80769408870.92378,,6327511276.00461,1318324956.80148,,0
2024-07-21,68056.6201215663,3530.48212887201,85568346851.54483,,9875839945.41549,2152127155.25945,,0
2024-07-22,67535.1976738749,3441.93899883109,83018254335.9993,,23596745505.9686,1952302291.88255,,0
2024-07-23,65916.4081616014,3482.72823085915,80147214775.3418,,13978539534.5013,2291238503.11258,,0
2024-07-24,65353.3857784921,3331.71999532437,82415917286.85031,,10205213346.7978,2234776186.71362,,0
2024-07-25,65722.0611917007,3173.71819579193,79785239856.31586,,14383308820.8205,2999895337.78844,,0
2024-07-26,67912.2433091759,3278.93203009936,85063256370.68454,,11359760478.9182,2055166162.21475,,0
2024-07-27,68077.3730812391,3254.27405669199,85794930017.23837,,12941347929.9201,2393521391.27229,,0
2024-07-28,68170.6691309176,3270.68860987726,85777973713.36674,,6293226346.30858,1304009661.38624,,0
2024-07-29,66867.167277031,3323.15159877265,84963667486.8766,,15565757911.7064,2699516869.45972,,0
2024-07-30,66186.9146861484,3276.18640619521,83258861816.03438,,11393935670.5086,1984182247.82563,,0
2024-07-31,64690.6340385739,3231.75860724722,80007021956.86102,,12080963633.1166,2223640487.89248,,0
2024-08-01,65178.0554891876,3203.2800251315,77878278256.62651,,17040173764.031,3228845103.58062,,0
2024-08-02,61506.7698877849,2985.00033752192,71051245869.37196,,15038658306.2854,2596865496.21095,,0
2024-08-03,60688.2444272355,2904.77563267095,66546804053.34561,,13095816561.6302,2568338240.91745,,0
2024-08-04,58306.2644786675,2698.46006575102,64445110781.5244,,13129104897.5169,3167886218.61899,,0
2024-08-05,54343.6276773816,2434.27117241379,60848124739.69438,,48882416601.5757,10555529613.5473,,0
2024-08-06,56047.4712866744,2458.63231122151,67057766836.48161,,20401237616.5141,4256005687.23346,,0
2024-08-07,55129.7410376973,2346.30540765634,67625605062.010284,,17738480521.3724,4021386485.72725,,0
2024-08-08,61908.7896724138,2686.68575102279,75698063599.41002,,18837776332.2991,3892868704.13448,,0
2024-08-09,60720.9407594974,2592.96081472823,72660846719.93431,,14166347052.5011,2305897253.76725,,0
2024-08-10,60871.5550727645,2606.88256078317,71805659374.27051,,6490103819.06443,1153565047.38583,,0
2024-08-11,58836.1043722969,2559.00334541204,66053574055.23101,,9554966005.20979,1723461875.79797,,0
2024-08-12,59394.1629538282,2728.85513383986,68366562969.4933,,15257017358.4997,2402272993.63355,,0
2024-08-13,60536.2457846289,2702.50437317358,68477961635.49704,,12478915078.5993,1559383204.77372,,0
2024-08-14,58840.6466797195,2666.7787238457,67227534044.86631,,13116633836.3585,1938943470.91137,,0
2024-08-15,57644.1876879018,2573.75496990064,66831591686.80469,,15386220421.1295,2169889362.29507,,0
2024-08-16,58927.2765087668,2594.49798275862,64923991466.56098,,12231042437.7794,1919153060.83937,,0
2024-08-17,59414.6743351841,2612.18551811806,66055998430.73456,,5483272906.19321,794335475.183549,,0
2024-08-18,58793.2061458212,2624.79728404442,66767333605.78352,,7079060376.85906,1288194660.38017,,0
2024-08-19,59411.5190169492,2631.95879164231,67199360822.06837,,10645902084.872,1413619252.6586,,0
2024-08-20,59123.3002662186,2578.04840677966,66513281503.38214,,12753006008.2155,1460926084.45611,,0
2024-08-21,61133.0256493279,2628.34121654003,66517022097.38202,,13247509943.7442,1321995362.42808,,0
2024-08-22,60394.4737749854,2623.24894301578,66816825177.23071,,11741932208.2944,918068953.674952,,0
2024-08-23,64106.8029152543,2766.0674465225,71385175855.43196,,17735289695.6802,1769297923.34862,,0
2024-08-24,64023.226703682,2762.00674167154,74561215838.43822,,8332042279.60985,1947314735.76917,,0
2024-08-25,64498.0183413209,2758.14644067797,74372458774.0093,,7344246577.5267,1436612479.32207,,0
2024-08-26,62983.4427729398,2686.35025511397,73379377268.85736,,11765222507.9097,1803691122.89152,,0
2024-08-27,59548.0076215663,2461.3474126242,68650816515.76275,,16196170156.3406,1993229208.03496,,0
2024-08-28,59100.7747548217,2529.46513705435,67087447930.22348,,16269227449.2432,2068556208.88012,,0
2024-08-29,59339.7909947399,2527.16763500877,65212523044.88514,,13490674905.1787,1441460450.3174,,0
2024-08-30,59142.9399640561,2526.79224634717,64391759036.954285,,13277703706.3465,1898371138.39718,,0
2024-08-31,58959.926273232,2513.39798889538,63042226474.33744,,4345701281.36258,567630985.063154,,0
2024-09-01,57349.0807180012,2425.94320368206,60057127704.74258,,9816811735.94537,1372443354.13666,,0
2024-09-02,59159.0238877849,2538.60750350672,63014170935.41752,,11047866969.1251,1421004009.09163,,0
2024-09-03,57637.7754444769,2439.80527352425,59797451960.95581,,11039730131.9105,1254302422.49734,,0
2024-09-04,58033.3989704851,2452.92774605494,62418685124.01407,,14648077451.4643,1856020000.96894,,0
2024-09-05,56112.9529400935,2367.16648305085,60368322226.60871,,13216773017.3706,1308143429.13857,,0
2024-09-06,53838.9534623028,2220.58200146113,58314200040.23735,,21229088261.2865,2511680645.76011,,0
2024-09-07,54066.4399248977,2269.68727060199,59479665838.86826,,6886541284.19231,876610669.446207,,0
2024-09-08,54859.2584082408,2300.06839947399,60790190313.36132,,6829908237.89293,886526259.619742,,0
2024-09-09,57135.7814371712,2362.04203156049,63117947291.79084,,14170268042.3231,1717935991.55876,,0
2024-09-10,57664.4998214494,2389.51632524839,63440854311.27895,,12122066016.8569,1117380467.95039,,0
2024-09-11,57409.1950663355,2342.307735827,61981116603.3218,,16186368450.7087,1497430908.38439,,0
2024-09-12,58124.6418065459,2362.33115809468,63733680676.9126,,13633068245.8681,1116405719.90631,,0
2024-09-13,60536.8814503215,2442.77219959088,64969531899.99684,,13583062100.5987,1153128842.14495,,0
2024-09-14,60007.1702507306,2417.18522063121,64205723831.15425,,5896778267.47814,634995517.191409,,0
2024-09-15,59129.9197536528,2319.29052425482,61567484402.18613,,6978906950.17557,974555805.702078,,0
2024-09-16,58227.46421654,2295.19158971362,61568775098.19997,,13071559303.3846,1125063295.61086,,0
2024-09-17,60238.2177255991,2337.065764173,61528727560.66641,,15841085588.036,1190208898.89626,,0
2024-09-18,61306.2337317358,2358.79472209234,62344085690.963066,,17613526890.2738,1545477482.01894,,0
2024-09-19,62994.6096528346,2468.43390606955,66781613606.59314,,17659705947.4636,2005577316.22772,,0
2024-09-20,63153.9518270018,2554.7331440678,68712082295.181694,,14673503405.4114,2251182318.46729,,0
2024-09-21,63367.7296078317,2604.74345555231,69989248251.36833,,5119970502.21503,895551651.055797,,0
2024-09-22,63571.9521729983,2581.10804656926,67819642074.62571,,7725566645.38662,1057900057.47554,,0
2024-09-23,63336.0126347165,2647.93771518995,67841649635.46536,,13215247845.0984,1612470932.15281,,0
2024-09-24,64342.7891113384,2655.48809611338,71725345477.92032,,12700396631.0908,2085809086.45065,,0
2024-09-25,63059.6269167154,2574.79220370544,69288564973.36304,,10291173191.9816,1518043381.96505,,0
2024-09-26,65057.7861461134,2629.70874305085,72792225185.7383,,15897485937.3251,2138903360.20868,,0
2024-09-27,65767.7132542373,2698.19885336645,73935776900.63387,,13617206254.0614,1965930180.78222,,0
2024-09-28,65770.5276478667,2674.69768520748,73404843189.79556,,4880798766.30455,851290177.174702,,0
2024-09-29,65617.7610689655,2656.30026287259,74312581780.90839,,4856780415.70363,1222389125.52765,,0
2024-09-30,63260.0425482174,2596.25469104617,71636336697.86488,,15446677929.758,1681062238.48569,,0
2024-10-01,60858.2487086499,2449.82723258913,67907610459.92199,,23270818264.6455,2624737771.70898,,0
2024-10-02,60686.0993135593,2368.07953022209,65895257668.32641,,18244767011.8007,2018718244.33713,,0
2024-10-03,60765.2367498539,2349.50757675044,64019751184.16829,,16764430984.3532,1939229454.25205,,0
2024-10-04,62052.5100496785,2415.12854195208,66964575627.16702,,13442137274.0605,1597446422.13898,,0
2024-10-05,62030.4538977206,2414.33166548802,66796852075.0883,,4757591875.37823,680875113.127863,,0
2024-10-06,62789.8814555815,2438.50270520748,68554811502.782326,,5501211149.31973,735994418.178378,,0
2024-10-07,62416.508829924,2426.58129005845,67751641200.18373,,15152336917.0623,1819512165.09725,,0
2024-10-08,62126.3273769725,2439.58985277615,67213121383.93331,,12327676626.5544,1076446683.68959,,0
2024-10-09,60615.2581917008,2367.17415046172,65369323458.25169,,11846246278.6782,1070768628.76741,,0
2024-10-10,60221.1172869667,2382.12349206897,65137629158.9882,,12476986141.5056,1078044530.45186,,0
2024-10-11,62462.539962595,2437.69309236119,68296679525.592415,,12284781048.4407,1104335829.80657,,0
2024-10-12,63202.8806992987,2478.24114976622,68826686937.86089,,5931014495.93444,636772134.198816,,0
2024-10-13,62759.431113384,2465.13859485681,69192945529.62746,,6617533143.71467,741971039.221777,,0
2024-10-14,66089.7587410871,2630.9286433197,73918853274.37834,,17541092852.2176,1856469491.31753,,0
2024-10-15,66933.974833723,2600.52300350088,72486658225.39719,,19434348652.0381,2137938801.44593,,0
2024-10-16,67662.9534038574,2611.98719444185,72499675638.5002,,15295535426.6285,1448257758.5366,,0
2024-10-17,67337.9075482174,2603.24426974869,70631777170.21829,,12482011519.3925,1291738314.93749,,0
2024-10-18,68390.5375625365,2641.44743767972,72758005822.40285,,14048753920.9062,1035230299.90597,,0
2024-10-19,68357.8982963179,2649.70135015196,74949074443.4125,,4147336382.58989,810895802.517466,,0
2024-10-20,69012.3532089421,2746.1167819813,78518396743.18443,,5866736730.54377,1588258598.38189,,0
2024-10-21,67440.4625058445,2667.32642119229,78232225104.91313,,14197969402.5959,2506129929.4033,,0
2024-10-22,67425.7553211572,2623.28308167154,78747369583.0714,,12099812506.1369,2108709385.75145,,0
2024-10-23,66647.2866642315,2521.68281196376,80478044820.9855,,13100216506.6121,2360385173.48999,919.374370023342,0
2024-10-24,68130.9948369374,2532.13962009936,83312005185.57683,,12205886251.1348,2156229762.82555,4324.20553592932,0
2024-10-25,66261.5376861485,2415.20924174167,76856628613.86,,16843104339.7277,3041838970.84762,6910.66846152035,0
2024-10-26,67023.3399611338,2480.57950252484,80246633644.52336,,6858456460.73607,1599602552.16323,1087.24813163737,0
2024-10-27,68000.1475008767,2508.49473361192,83165541844.52628,,5911148022.3428,1454147093.95059,1322.32320442751,0
2024-10-28,69862.5205470485,2566.18526073057,83822770453.82446,,15472061840.0389,2259115974.85183,1479.83056918049,0
2024-10-29,72678.7866201052,2635.21967112799,84250174804.8949,,22275779339.7737,2504694570.61576,1030.28746540533,0
2024-10-30,72450.2843819404,2660.86723967855,82458300653.38704,,15918357812.8882,1695493430.90198,1237.0329338817,0
2024-10-31,70367.0819576271,2517.78620227937,79400714251.66664,,15127704004.2528,1661247323.08472,3656.00438954928,0
2024-11-01,69483.5830303916,2512.4960977031,78119412847.98064,,18917480842.2613,1915047090.52805,1335.47319382587,0
2024-11-02,69241.6794865576,2488.87335008767,78005112509.27515,,5747208351.1477,925381097.434488,1770.99616134867,0
2024-11-03,68742.7546227352,2454.59679184687,76469012638.78893,,12952356276.3079,1583831362.74241,1095.1775342887,0
2024-11-04,67779.0969795441,2396.6696369024,74231396599.08035,,16389012360.0938,1732235394.31902,2656.58162333404,0
2024-11-05,69538.0241729982,2428.97334286967,78578794357.12128,,18345971868.0686,2030206575.85498,374.818629581694,0
2024-11-06,75696.0366192285,2722.98460712741,88257656259.50748,,46384632346.9573,6339878720.85658,948.479656435591,0
2024-11-07,75972.2955546464,2891.87561452952,92229422766.75735,,23508672010.9066,2964370700.66756,9177.2519794104,0
2024-11-08,76507.4474012273,2960.26662137931,94062833390.52711,,19702015068.6984,3691319282.64095,181727.656722857,0
2024-11-09,76799.2527469316,3139.9864959322,94839927660.3463,,8874192716.71765,2126386974.48508,151619.239663187,0
2024-11-10,80409.2865666277,3187.53665137931,99106345791.68776,,28791482392.259,5674981626.15482,100320.356476316,0
2024-11-11,88859.998448568,3370.23970491526,104974785029.26404,,45652137056.9376,6572214371.00834,83418.1952352366,0
2024-11-12,88048.7488877849,3255.13258195208,100394631594.32176,,52989855143.8479,7058991830.7997,115603.145426256,0
2024-11-13,90369.3819693162,3190.90423042081,101464761159.78804,,49798236339.4803,6687808317.54975,53011.6173170713,0
2024-11-14,87204.2569827586,3056.41021270018,98633728953.62274,,34267317507.2394,4909412046.68784,43219.8767277379,0
2024-11-15,91139.0844427236,3097.45939781999,103450842807.7802,,28251191102.3657,3505207784.31363,4562.65604847081,0
2024-11-16,90567.6957568673,3134.3861396201,101880237011.91946,,14410084266.8247,2690474964.49303,8973.95656359123,0
2024-11-17,89732.9704292811,3070.19103244594,111848609785.93022,,16186834684.3266,5994758797.05093,10079.7905387503,0
2024-11-18,90587.6965534775,3188.88800258329,113426925977.64888,,27910500132.9088,5170220680.04935,60842.5419484994,0
2024-11-19,92254.1385800701,3111.79278153127,112729689134.8744,,27983610356.6256,3910438703.07556,36369.8025851799,0
2024-11-20,94160.0406858562,3073.4292378609,112082534348.70934,,27977756043.4528,3755016947.76195,10499.7504785467,0
2024-11-21,98545.5688798948,3365.32873022794,121972174978.6082,,39481692095.7811,6345701276.40123,11560.5106602068,0
2024-11-22,98938.3495450029,3325.37564151958,121562153436.84952,,30287702968.2018,4379709316.21628,30643.8659883567,0
2024-11-23,97707.0484590883,3397.37147417884,120898787447.8634,,15766620336.1746,3741679778.51868,23880.8506416436,0
2024-11-24,97980.2082819988,3363.87790965517,120333593907.30592,,18458024699.2992,3231341684.61641,5158.35137855455,0
2024-11-25,93343.0290745178,3429.90259469608,111715819134.72908,,31851444336.0477,4104094641.44236,4588.85361239996,0
2024-11-26,91875.5699593805,3324.46444980713,109487901546.16045,,34061494261.4081,4367662396.59273,15815.5351111261,0
2024-11-27,95989.0802273524,3669.22970552893,115043406996.6516,,25559278156.7776,3183547759.43572,12600.3139882427,0
2024-11-28,95737.9402822911,3584.20799540035,112902254461.4884,,17253855955.7474,2385649392.98969,202341.203875844,0
2024-11-29,97398.9417399182,3595.61403426067,115743017048.77492,,19392495276.5085,2456086022.29759,1124030.01359171,0
2024-11-30,96463.6248980129,3713.2009461017,113101635389.31207,,10153166323.6157,2109070048.06946,591675.441577938,0
2024-12-01,97469.6044529515,3716.08112306254,113047251162.78165,,12592808853.2772,2235723939.14098,227810.035432876,0
2024-12-02,95726.4417258913,3637.08652127411,107005940572.55072,,28207938616.5039,4612129693.40294,146073.269995125,0
2024-12-03,96010.8774228521,3623.91165189363,111656101123.36871,,27285056250.4829,5283219222.87415,94491.4212028825,0
2024-12-04,98920.2528255406,3844.66120870544,108619097027.55804,,29549756970.8417,3972032602.09708,348678.685006459,0
2024-12-05,96949.6644117475,3794.68684265926,112846163285.08336,,57569587082.9957,5550727526.00006,362634.082040452,0
2024-12-06,99953.1056580947,4013.46741083577,112636532071.2986,,30947498352.0929,4035364613.04852,143447.970951351,0
2024-12-07,99977.7002282291,4006.19300609585,113750283907.97713,,12051249556.5496,2326855180.72673,1446968.18316531,0
2024-12-08,100798.98356429,4001.64654687317,112722755107.39313,,11465356877.6323,1797150127.69046,841955.227237849,0
2024-12-09,97390.1988597311,3714.17625189363,103764544136.59752,,34326543443.4545,5087570927.24315,992936.161865928,0
2024-12-10,96835.5017387493,3632.35232690824,101896220063.31216,,34344526365.9029,5159477422.24738,1200071.37142232,0
2024-12-11,101310.201899766,3836.84683938632,108338330880.78328,,25548730947.3985,3371126780.04774,1833378.84440751,0
2024-12-12,100090.890479544,3877.04927477499,108749778776.87752,,24627187732.5623,3044355032.80804,6983913.24792703,0
2024-12-13,101289.823976914,3905.45213670953,107437258370.32632,6478283862.991234,17756696976.0632,2466056571.40996,4138718.80625234,0
2024-12-14,101366.87166803,3868.60262611338,105301984837.19144,8128300878.17853,12179165002.7086,1693643936.07998,8511727.42174283,0
2024-12-15,104551.367141146,3947.67114785506,107188327318.03384,8062146446.649648,14400829191.7666,1682610683.90347,8362428.12828256,0
2024-12-16,105855.672229982,3995.17742504968,103738431406.3748,9209378584.641665,28511550537.3205,3133580761.29946,13699076.864074,0
2024-12-17,106115.910582992,3877.73844905319,106797736375.85815,8501368411.201921,23242198501.7786,3968181383.7789,11181947.4121339,0
2024-12-18,100469.770656926,3636.53763153127,98730548027.0568,7784833531.80579,35801083068.6046,4306160646.07243,11464103.9922275,0
2024-12-19,97697.045779661,3429.8707307481,93288870094.79622,8338026720.158909,38236829834.1906,4988738718.73933,15778752.5561323,0
2024-12-20,97617.4422051432,3471.52409931619,92888953412.5546,10029158160.772926,39774280586.7858,5881335581.45712,33533120.4491968,0
2024-12-21,97093.0190832846,3328.83602427236,86600568524.8708,10847348640.971228,17159894803.2815,3290821066.66622,26373690.6419109,0
2024-12-22,95149.1058252484,3278.34651976037,86460558299.16812,9675808297.768225,14777258603.4051,2466836769.18035,30484252.4521658,0
2024-12-23,94800.7562060199,3422.51642397428,91208486211.47733,9499557474.62498,25340431197.1459,2928923834.79651,56447309.7111942,0
2024-12-24,98637.7330543542,3494.74814554646,94588006202.00385,9962426029.711708,19288006529.8528,2103791109.66906,28728509.1404741,0
2024-12-25,99235.3678869082,3490.75329557276,94566008015.55711,8929556642.039682,13110186103.5497,1585069693.39682,21012299.5182159,0
2024-12-26,95628.3030902981,3325.23435792519,90136894362.46371,8963558425.243034,17826773424.4255,1691215825.00046,23804564.4720846,0
2024-12-27,94219.9821461134,3322.09507143191,88105563489.15718,8971111886.478973,19993928269.2969,1651663766.06746,17848832.4964874,0
2024-12-28,95123.5811098773,3397.09541658095,93400877732.18874,9667616708.272097,8031402349.39998,1244402658.89355,12932710.2897153,0
2024-12-29,93457.5783202806,3346.92836869959,90836677779.44048,9173075396.365328,10052804789.0115,1244913944.57718,10900805.3020868,0
2024-12-30,92523.163085038,3355.46704853302,91392902641.76231,8993833784.885817,23145415271.3486,1924077764.9653,14977743.1019734,0
2024-12-31,93389.7326016949,3332.45484545295,90841217926.90169,7871765937.89221,17659137065.0306,2099100963.60669,16861499.832003,0
2025-01-01,94455.7965718878,3350.89031195207,93547012465.66544,8718559757.040726,9108077295.37262,1361030977.51276,12773326.0938063,0
2025-01-02,96851.393682934,3447.58794734074,100290045651.26263,7718018640.861737,18327962137.2399,2552483125.21001,19581033.9985737,0
2025-01-03,98120.6846759205,3606.25034468732,105101328750.23828,8098735035.9393425,14169111840.9527,2362180475.18273,22188356.3038744,0
2025-01-04,98230.0478571011,3657.79189278784,104643073681.68684,8362546689.855417,7738627237.39567,1424753998.53161,14244403.1224618,0
2025-01-05,98414.8120964348,3638.22340260082,103163190447.26158,8154568406.972817,6607751088.01801,1392987660.09114,10975887.5980345,0
2025-01-06,102179.560366745,3683.0759798422,105440512694.73776,8453296462.097305,20921379564.5597,2042881710.00472,13663295.2006029,0
2025-01-07,96974.9957857978,3382.56745979544,97952876177.7938,7898740946.561219,24401110219.5566,2742179145.49431,18587858.9340392,0
2025-01-08,95039.2809210988,3325.54302042957,95576177777.49216,7568166005.46005,27049516846.0674,3208523979.41624,28323116.6618694,0
2025-01-09,92346.1691589714,3217.33715208065,89527114869.2475,6752805605.98877,24583812496.1123,2393556638.34536,35976672.3256625,0
2025-01-10,94759.1196358854,3269.77400255991,90868569973.66788,6991123578.722049,25201525926.4391,2321945031.62031,31597623.1212242,0
2025-01-11,94606.5080099357,3286.37892827002,91050827589.61143,6954893935.853243,6307854703.47677,1348600476.51009,11690466.0891509,0
2025-01-12,94353.7752586207,3258.17217992402,90988320271.58871,7064161031.799265,7227570346.84048,938913449.228793,13460469.9883439,0
2025-01-13,94375.7299102864,3133.13948922852,88638023982.14519,7225583907.62835,31090385823.4402,3241641822.10791,35405705.8430808,0
2025-01-14,96569.475726768,3226.57956712449,90991355463.71188,7670381804.916206,21715790601.0722,1652229089.7159,25144879.0796767,0
2025-01-15,100172.405985096,3441.04207023963,99496932374.37584,8081576355.04521,22147145661.3817,2550318252.46335,23977026.6808565,0
2025-01-16,99977.7298234951,3303.13442745763,102135587251.44942,7817263958.126834,21766540852.1463,3695791437.61734,15739338.0365699,0
2025-01-17,104296.588034191,3478.9034330976,107010330021.81938,7726444690.069773,28603209217.198,3129483706.9159,14889865.9438598,0
2025-01-18,104398.156261251,3303.37311349503,127074338259.9148,7251467001.0064125,18953018346.6901,14572097256.4183,32411068.866937,0
2025-01-19,100954.572281999,3204.0508971128,120273654143.857,6680242570.558958,31744188138.8025,21726322461.8546,50821206.1866648,0
2025-01-20,102588.998699006,3285.42927070719,119110428662.56567,6852586979.445006,51317637305.8184,14494102509.6109,36205957.4140632,0
2025-01-21,105987.888705435,3322.64100092051,121371415595.08772,7738581284.757245,39454873873.3963,6500606890.4307,33100697.0607182,0
2025-01-22,103791.128861485,3239.67506596143,124915411566.68506,8150137780.783253,23501168494.7103,5801087953.35523,22251278.5951383,0
2025-01-23,104184.616743717,3335.84164436002,123367011669.40396,7417078360.646585,45986943745.5176,6037290157.15876,40599400.8475538,0
2025-01-24,104716.12488194,3310.42760140269,123352660218.54144,7648528589.91882,21980482973.9899,4940037972.39676,22940433.4531447,0
2025-01-25,104866.085348919,3323.46523758036,125380540386.10268,7751162273.532488,8261162245.89788,3319439177.89825,15674600.192974,0
2025-01-26,102833.369273232,3241.02101870251,117790657973.409,7493031841.080338,7837200300.67702,2818418044.08029,16565771.8255689,0
2025-01-27,101907.44629661,3170.49577498539,114230165682.38142,7767351522.416258,41554408507.0945,7042618183.93246,29936134.3305903,0
2025-01-28,101138.144066043,3070.75965838691,110123308575.97656,7372837285.466351,20556270930.6604,3403226798.91424,17274290.7825068,0
2025-01-29,103918.795458796,3123.69937434249,111593835482.30276,7923205399.221906,20959178538.3645,3579853878.49145,18722260.9533219,0
2025-01-30,104987.446410871,3255.85057013442,116644445259.61314,9213996586.682142,17157353580.2894,3047710434.59733,28564371.3198355,0
2025-01-31,102263.043670953,3292.62381677382,112484272860.72452,8983342622.057499,19021916495.4466,2659176835.05244,18680605.0847861,0
2025-02-01,100610.290439801,3119.95137697253,104188721483.58568,7834980386.058202,9599070029.6275,2346719258.82916,25224124.6253995,0
2025-02-02,97424.7809000584,2844.25948714202,98155225819.7329,7340238401.427784,26552751481.1446,5525537274.0007,33830950.6861593,0
2025-02-03,101582.408702221,2877.57988457043,105366872387.2466,8352590914.98745,54468001583.0657,9890861761.92324,52938600.5670529,0
2025-02-04,97848.1497592051,2723.61294798364,100352464011.86871,8392226582.028019,32561432718.5463,4768616825.11141,32564597.2927541,0
2025-02-05,96559.3327562829,2780.85938369375,95514816088.62704,8211703126.275264,20749823100.1317,2485335290.5209,25301264.8834839,0
2025-02-06,96541.3006811806,2685.1318766803,92175141509.72032,8000535698.473863,20222448953.5902,2554442707.15201,21208369.8637221,0
2025-02-07,96384.1109836353,2612.95292606663,93429089194.51704,7611582739.139477,24112643104.4878,3028949579.91941,20785068.6828348,0
2025-02-08,96603.318157218,2637.15946142607,97495518968.617,7852967160.315763,7973500337.86666,1529853971.58138,8220782.63014269,0
2025-02-09,96309.7532405026,2623.44384395091,97340334326.34402,7640102289.731736,10881132081.6193,2207824469.73628,7451749.94168522,0
2025-02-10,97375.2253535944,2658.91628872005,97534644034.4909,7791441773.610547,15895163710.0999,2550761188.27104,10406232.4562723,0
2025-02-11,95806.2580385739,2603.96649620105,96621668685.9265,7847875163.755921,15479704544.7466,2482058465.98133,14328416.8343148,0
2025-02-12,97756.4976548802,2738.64540035067,95831088416.4641,8590481050.926846,21080677731.7451,2735714027.18084,17999343.737859,0
2025-02-13,96534.7406332554,2674.91159789597,94847172535.53604,8748001614.193102,14625048170.7815,1714203598.63482,16378130.2947543,0
2025-02-14,97414.3589821742,2725.08277761543,97402815162.96909,8748845624.233347,13749062681.1636,2376551741.49582,22246903.1233697,0
2025-02-15,97583.2431767972,2694.22497194623,95009703449.90411,8576702745.883889,6074739535.97698,1162366359.66255,16570403.7819953,0
2025-02-16,96182.2661706604,2662.06831794272,92029782663.44006,8941985252.593422,5617045927.08577,1362680068.26917,10762921.9617352,0
2025-02-17,95790.5109985389,2743.38311601403,86925989008.65671,8489260763.377965,10940054513.0725,2842833370.06418,22534762.8377187,0
2025-02-18,95444.031886616,2667.12430099357,82528071274.97269,8003803088.861598,15962887708.837,4434599812.25162,70597415.5231097,0
2025-02-19,96647.9132977791,2718.18351461134,82631541929.32062,8087336355.874866,11459185710.3831,2363719686.3004,32250744.6688059,0
2025-02-20,98392.2197247224,2740.71687375804,85870971211.4359,8173617786.154244,13394819326.6158,2152584386.54792,30187206.3815736,0
2025-02-21,96048.9937247224,2655.73961426067,82491474031.97208,8316489443.490337,21897261477.4434,3025944970.26018,49509982.6456591,0
2025-02-22,96605.7091057861,2766.35815897136,84168502962.97726,8301590401.424691,6659081341.88653,1182424727.72328,19794149.9074775,0
2025-02-23,96091.6329774985,2821.85990298071,81961783846.40007,7711532640.631165,5792453658.24892,963793451.784123,21942484.0639194,0
2025-02-24,91869.6543430742,2519.49570543542,69355407330.73228,6737728525.250059,18412550371.2516,4674249358.73092,59440179.929264,0
2025-02-25,88769.7356265342,2499.3732150789,71644683174.43394,6788805838.117511,35633078844.6732,5179959558.48827,80240476.6734003,0
2025-02-26,83987.89564173,2330.42813296318,67025410789.45001,6519893910.892046,26395954156.8077,3019413612.07347,53234822.0243775,0
2025-02-27,84625.4191364699,2298.49650789012,68418220562.174965,6972228542.929229,21139644418.6796,2339836333.65582,41334138.2655047,0
2025-02-28,84243.7779114553,2229.92881355932,73602945025.35165,6661922093.514504,34897436162.7126,4706296656.42221,40316200.9652038,0
2025-03-01,85844.3685628288,2208.95361747516,71229455844.83621,6511852881.783336,11079855878.6786,2092831118.17806,23874768.8255898,0
2025-03-02,94328.0094444769,2519.34991642314,90281385717.91214,6862052074.297856,25190120350.606,7509770745.08066,42116724.2516976,0
2025-03-03,86315.9305511397,2153.5997773232,72594835849.8004,5926187300.308782,31801652359.1293,6045128957.7584,40685167.1766614,0
2025-03-04,87323.690650789,2170.0642106955,73535842731.42093,5773874291.36116,30270922420.7011,5012531207.01441,51402959.7617668,0
2025-03-05,90619.4090976038,2241.06894506137,74231246193.51196,5731257966.602608,20727649575.3334,2704804958.54367,26854565.3083899,0
2025-03-06,90222.0693275862,2206.33553331385,73035290405.8543,5157398992.176419,21109022221.1292,2324172307.52378,25486123.6061093,0
2025-03-07,86553.5921937464,2134.73876709527,70532094186.7102,5045877724.305907,30290408968.5464,3602802786.65865,29128889.6962319,0
2025-03-08,86171.2789362946,2199.74715371128,69682049400.1516,5056749853.940736,6915942325.28019,1136612970.80879,10655639.0054096,0
2025-03-09,80647.7964108709,2015.69220105202,64378590811.08254,4821028137.1031885,13093275561.4489,1826436635.56472,16459946.9330225,0
2025-03-10,79005.9601291642,1879.69313354763,60518016744.01138,4541775597.185864,24932674289.7776,3322411063.91535,23972757.1083912,0
2025-03-11,82747.1601917008,1923.01249590883,63810386154.87516,4591075947.273226,23051083590.9672,3151749707.33812,24818996.3092051,0
2025-03-12,83630.1581101695,1906.5185295149,64217554155.55413,4406537326.627561,17000972105.3241,2478058014.89934,23303811.7015703,0
2025-03-13,81110.2890490941,1863.52630742256,62825512949.27901,4128372234.767959,13187054160.8973,1838939017.6001,19315385.5001725,0
2025-03-14,84105.8335517241,1914.70355201636,68189286878.372055,4602914725.986076,12765384469.0532,2009787858.93726,15616797.3000576,0
2025-03-15,84352.8773018703,1939.64274050263,69194360907.44917,4805305059.609996,4488395505.30748,1146636008.49675,7437162.76688554,0
2025-03-16,82492.1028287551,1884.69832144945,64204111377.92611,4329564489.527407,8087347558.76308,1559362153.60571,9287415.99002254,0
2025-03-17,84013.947518118,1927.87450613676,65378465700.84456,4428273814.168931,9553690439.95843,1519159229.40802,11012754.9796231,0
2025-03-18,82680.8065514319,1930.50927673875,63866359918.22018,4720723881.391281,10149186678.5511,1557761937.91616,9239772.49793537,0
2025-03-19,86774.23507218,2056.96594564582,69034723981.19272,5200099135.533028,14045050877.9342,2227784980.02929,19257746.3716266,0
2025-03-20,84124.9712878434,1978.2045458796,65131562824.16328,4729914602.080137,11906139748.0937,1572131143.29646,17037998.4442949,0
2025-03-21,84069.4081800117,1966.1050710111,65459951647.0688,5279808881.26813,7663030867.28379,1464473025.11917,23816715.2935452,0
2025-03-22,83821.220305377,1978.73242548217,65487373315.295006,5205103122.455024,2969859937.63886,815684036.793152,19205141.0935348,0
2025-03-23,85760.8814506137,1997.88425306838,67394466727.47112,5406142458.394201,4350988460.67667,990827257.300166,17363827.9694994,0
2025-03-24,87322.5718568089,2073.91071683226,71695187079.2261,5530515834.532605,13411565050.7795,2645399070.05633,30119895.4858161,0
2025-03-25,87422.8426084161,2065.10749736996,73523770728.56627,5350438480.423393,11739095180.793,2301872544.45706,20074767.6384848,0
2025-03-26,86836.6760955582,2005.4321364699,69971622458.07544,4653092516.908135,10823032366.1601,1939296617.04708,82030451.1436999,0
2025-03-27,87211.3240169492,2003.37026212741,70815198703.60136,4923855702.569044,9744468104.09192,1690714677.14569,21699979.1408494,0
2025-03-28,84309.0783550555,1896.0268603156,66160295668.88841,4445677553.27082,13793049390.2854,2326630889.68186,18691186.3120835,0
2025-03-29,82497.1792472238,1823.59882349503,63557816105.340645,4260240161.418231,6647836522.4007,1437365780.75096,10731725.8579177,0
2025-03-30,82216.4666765049,1802.80018965517,63754093152.98836,4156842697.655057,5858367346.47629,1032088883.36499,7947451.52433401,0
2025-03-31,82461.4496279953,1823.44348568089,64033663727.04332,4338258134.251481,12188503864.5203,2104523452.63836,11916488.3608347,0
2025-04-01,85226.7137936879,1908.28501987142,65000337238.07954,4447317307.016639,11781428700.8075,1931538327.64132,12950468.8336652,0
2025-04-02,82555.631296318,1795.48936616014,60704830216.93325,3957187280.188698,19569585298.4896,3586583278.70777,20029814.3304686,0
2025-04-03,82931.697399474,1813.54323436587,59891123867.78813,3914180938.3052826,13206589793.632,2855142591.68599,20067693.6418179,0
2025-04-04,83774.1797375804,1812.99751081239,62814704878.238335,3988159634.023449,17278215503.758,3262202050.73255,18688233.1016209,0
2025-04-05,83302.1715756867,1802.97516072472,61565751353.72597,4000101094.9798527,4904831268.06707,987983400.633858,5940913.60915659,0
2025-04-06,77949.0884926943,1569.10020689655,54256961241.69357,3410172677.932376,13218322058.5876,2394936822.90655,17146141.0450382,0
2025-04-07,79421.8044105786,1560.23826212741,55195315583.49533,3850770678.13652,32545987367.7829,5248217398.04056,32287078.703736,0
2025-04-08,76351.4295303916,1471.09076125073,54287140754.73682,3744946941.0593367,17529114785.9125,3475282875.27989,32999299.0755593,0
2025-04-09,82720.6034891876,1662.90904646406,61305284254.31649,4555600492.625571,29155612909.8416,4310469359.40407,35602280.7495477,0
2025-04-10,79558.9558252484,1522.26864669784,58129682008.24995,4775708843.540882,15533416191.3098,2746513008.6037,26899412.8173041,0
2025-04-11,83359.8995157802,1565.57072150789,62358303493.16175,5260890948.096745,14689184563.8442,2525189764.37032,21598928.558685,0
2025-04-12,85269.2495119813,1646.45040736411,68193560924.8416,5444663662.905921,8186173133.02219,2573780075.77321,22976126.210747,0
2025-04-13,83568.9544360023,1593.3115698422,66036913893.61363,5114888617.361508,10337266569.1575,2436960419.13834,25868968.1186071,0
2025-04-14,84589.0324135009,1623.4533766803,66920223990.21342,5258380055.724539,12483447838.9916,2873819036.95903,19813729.4515063,0
2025-04-15,83671.3439713618,1590.80377936879,65288256444.29593,5042514963.236618,10489487965.7862,2106796593.63264,17674186.4798029,0
2025-04-16,84151.5357562829,1577.76214319112,67830273402.85633,5293007468.917043,11003120297.8676,2810384662.05888,27879520.6514926,0
2025-04-17,84940.5838538866,1584.56991437756,69541211531.21843,5710308404.172712,7814077006.36836,2265145978.4089,37763999.3827376,0
2025-04-18,84434.7727463472,1589.17527673875,69112197459.73492,5698016692.085137,3434179940.57985,1294972712.65729,27273235.7007724,0
2025-04-19,85124.721496201,1614.76228082992,72084209901.99841,6029400049.114552,4125640213.9008,1548110835.47611,25258700.8542648,0
2025-04-20,85101.7461545879,1585.28322150789,71062665056.26753,5858796631.594981,4658692491.38521,1717915604.69468,13975150.2536961,0
2025-04-21,87360.7198933372,1576.97164465225,70362006544.06801,6063173005.746184,14895807506.9179,2620760566.17681,23887103.9733763,0
2025-04-22,93495.6106890707,1758.00477177089,76956211613.1779,6403913962.529694,20146337609.0583,2856601552.3268,28425426.0463443,0
2025-04-23,93695.7404772063,1797.82488836937,78246011546.12605,6183657357.404168,16741008055.4821,2948292344.22696,26678903.1251265,0
2025-04-24,93849.8817790766,1769.47740765634,78747458645.39494,6278682351.467191,11864055666.1455,2483389477.49846,16272176.1166445,0
2025-04-25,94771.4128007014,1789.56658474576,78093311461.31975,6137992457.46718,15299009439.6857,2837716137.07999,10043696.2985141,0
2025-04-26,94694.5111014027,1820.05065546464,77150099802.16609,6008189951.70952,5647420720.06013,1360438292.97534,8201465.08981281,0
2025-04-27,93812.876534775,1793.40027907656,76760309688.7424,5819918139.3758745,5808156803.07116,1309023810.05594,6636875.78109932,0
2025-04-28,95066.0211867329,1799.8924050263,76568471750.17975,6163153218.8702345,12432788997.3494,2445194646.54543,14469644.1583042,0
2025-04-29,94102.8403024547,1792.9466081239,75593146102.68425,6154127868.374806,10171538790.9953,1848538313.73284,17229585.9998996,0
2025-04-30,94236.7325143191,1795.28281034483,76490626180.1936,6660749940.069531,11036868902.172,1905298787.28895,18526722.2337762,0
2025-05-01,96411.7422635885,1838.20588340152,78022647092.07332,6647669693.948746,12508353583.598,2035125087.39262,24410784.6467238,0
2025-05-02,96842.1021057861,1841.31197457627,76645973965.7924,6958266068.878871,9851162774.31088,1867349742.09953,19958305.7196031,0
2025-05-03,95943.61135301,1835.43869257744,76085121466.46533,7012550498.134167,4879554720.26373,945454334.440318,10134378.8654849,0
2025-05-04,94377.7899196376,1809.26886206897,74637302765.73018,6640686721.136019,6280005768.48477,969838288.423677,9656206.31749291,0
2025-05-05,94853.7298594389,1822.42831151373,76155155387.50801,6790823886.784717,9712247218.28701,1375557871.79325,17098715.9627931,0
2025-05-06,96677.9245029223,1814.22681735827,75958386176.9687,7008394894.386912,10165321575.9186,1714310767.90432,21593322.0652331,0
2025-05-07,97137.3757086499,1814.5519094097,76476079606.25443,7035182256.396529,48541726514.2242,3252032720.15761,20604490.377805,0
2025-05-08,103069.539295733,2193.0712805377,84753323679.74875,7746348238.153177,22020676551.497,4001042677.16141,32321194.5335108,0
2025-05-09,102940.802949445,2342.20799707773,89704620713.27188,8272795319.229656,15983553925.5737,4574901580.10985,37411946.0054207,0
2025-05-10,104582.821806254,2584.61239742841,91983708947.36082,8714841989.98505,8131622618.72476,2368077483.22936,20135634.824942,0
2025-05-11,103976.137798948,2507.64435710111,89682934670.5349,8322410651.467632,10013213279.7969,2370649392.42797,30784580.1409274,0
2025-05-12,102920.074689071,2493.58635534775,90524673526.26283,8324521035.472716,17830073841.4505,4077010327.99837,27937067.3653983,0
2025-05-13,104145.711825248,2676.5017402104,95604251460.96184,8634644261.292728,13413529666.4736,2983395235.77099,24612700.0158493,0
2025-05-14,103572.719642022,2603.05951344243,91587860475.8496,8416163275.25432,11007810407.6528,2821245135.29265,17778373.4993977,0
2025-05-15,103716.283947399,2540.68613383986,87619202767.17738,8711736918.84277,12380406261.965,2599404914.48703,25660719.7452653,0
2025-05-16,103566.269191116,2546.7049465225,87243437862.25243,8979818754.214872,10215197692.0179,2104054814.22011,24540832.465747,0
2025-05-17,103190.041364991,2474.61027878434,86241653559.00536,8643204197.029415,6751418099.24641,1603957004.86111,19904900.6676445,0
2025-05-18,106015.689848919,2465.93426212741,89249924423.80498,9002832074.998533,11053921962.1957,2289132367.75751,20170361.4627436,0
2025-05-19,105615.828960257,2526.45705727645,86702506047.44974,8869557508.708372,16802482187.3787,2567859572.98883,37640468.7271219,0
2025-05-20,106893.330247516,2525.32290794857,87648230062.84259,8836427113.524233,14010120613.3127,2207930785.10359,22224458.8782595,0
2025-05-21,109704.855619521,2557.99176563413,90401721055.4013,9430537859.630293,24209931850.2557,3094851090.06645,36823445.825877,0
2025-05-22,111477.014787843,2657.42359701929,93387442617.9184,11108703700.965813,18475130248.9186,2880655094.9408,71219923.3736269,0
2025-05-23,107291.888969901,2521.84042402104,90662522540.86328,10947122711.207829,18477759507.167,4662987899.04919,83185319.0394439,0
2025-05-24,107917.328289304,2529.64885359439,91567984023.52116,11773055773.780771,8730901815.56159,1776133717.18665,46001352.3581438,0
2025-05-25,108914.876558445,2546.99536732905,91100012421.5774,12962545591.897545,9842172580.49656,2028623335.23375,58906792.4003557,0
2025-05-26,109371.985172122,2561.92804529515,90877845344.25111,12432738101.785631,10470527973.7989,1632039951.37781,65595239.5904664,0
2025-05-27,109066.345636762,2661.42436703682,91952220877.3036,11971420882.734354,15024051847.3983,2196872801.69474,41302017.5078534,0
2025-05-28,107895.402399474,2677.11812273524,89591187035.29434,11442080261.077707,11426204036.7916,2067090852.02345,35536306.9365111,0
2025-05-29,105732.957892168,2633.37122910579,86802858400.75858,10531662904.365543,15813298293.1765,2043275797.91433,52733468.0739582,0
2025-05-30,103981.302957919,2525.27963413209,81457558146.12682,10854835272.492416,15661318118.065,2614948584.0228,51270853.3328262,0
2025-05-31,104708.964150205,2532.55873436587,81880089207.03601,10973139623.805876,7461102178.51045,1583486356.04839,28710393.2190179,0
2025-06-01,105750.15972443,2539.24056341321,82331362863.05956,11406926578.652435,6343557225.45586,1458609162.50787,23693019.9605125,0
2025-06-02,105899.696926651,2608.39263530099,81961908426.29126,12149029345.98686,11007248964.3445,1774641505.70652,26831666.6553612,0
2025-06-03,105483.98555114,2595.07908591467,81228465091.34155,12128068468.52023,10582016364.9573,2280907873.72178,41540475.243557,0
2025-06-04,104782.844900351,2609.93374517826,80164801866.32448,11909747431.019056,9645070684.22161,1655961645.39856,27545922.1366584,0
2025-06-05,101669.190496785,2421.2568220339,75784475677.77238,11417062996.202684,16448511872.6744,2909457402.8316,39453005.0309242,0
2025-06-06,104421.051549094,2479.93381531268,77629538986.8749,11115214012.631964,12408557529.5623,1713266772.8168,27355097.451301,0
2025-06-07,105685.250402104,2527.09892109877,78747278875.9723,11672302260.535444,5986936894.36169,1160622804.79447,15384318.1694877,0
2025-06-08,105727.739632379,2509.56872501461,80070077849.47864,11735808845.361738,5473342828.50423,1124464100.93475,16353570.9377561,0
2025-06-09,110198.15871391,2676.70837200468,84310315619.06204,12890637404.765345,13556775340.0795,2237409008.5867,30536826.0337615,0
2025-06-10,110074.119081824,2806.2143766803,86526455930.21503,14062719483.838217,13145230463.9428,3065252638.58237,56725207.7010225,0
2025-06-11,108645.785558153,2774.56475336061,84457319103.08032,13929260803.290314,11626299489.1643,3182847601.51175,44982107.4698458,0
2025-06-12,105998.985830801,2652.93859585038,80206243230.52866,13674038289.109858,14113064476.2044,2154280433.49342,34774000.3293808,0
2025-06-13,106024.822087376,2578.02224722385,78069172637.95555,14108649211.046867,19183345139.589,3773899112.52675,54267022.7736304,0
2025-06-14,105467.108742256,2533.09064056108,76358694082.19025,13395974955.14107,6345667594.06855,1220337494.13013,22081712.3685387,0
2025-06-15,105512.797437756,2546.5897761543,80517167317.91304,13748114055.299084,6247051630.85735,2106176312.32016,20159452.0980779,0
2025-06-16,107243.933345997,2565.02230391584,80275759646.76535,14207051703.022388,12597510652.6217,2697113268.81065,44791061.5072468,0
2025-06-17,104628.396527469,2513.40039538282,78024905796.32932,13389306296.40708,15067264348.0747,2494474400.36731,48230125.0712559,0
2025-06-18,104813.367028638,2522.49356750438,77421926106.18521,13115062222.958942,11867998161.9697,1988256968.23595,46846497.5106783,0
2025-06-19,104709.720767095,2523.04524547049,77603321380.31914,12306624352.325377,6724785029.33014,1595302815.86668,38776690.6814822,0
2025-06-20,103274.958839567,2403.17304178843,73796709298.54938,11140534078.269953,12460806238.089,2386452506.64743,57771488.2084182,0
2025-06-21,101548.196381648,2266.03854500292,71110017891.89433,11127855063.863895,7931227805.04456,1987319008.58641,35995485.2409119,0
2025-06-22,100899.234151958,2227.35017475161,70032835157.71342,11931003548.185364,19257678202.8601,2851451260.9669,57702633.7524394,0
2025-06-23,105496.947495324,2421.45208328463,76906561557.37457,12772613351.790136,19741727985.3473,3363512992.04058,55459145.3426596,0
2025-06-24,105964.065136762,2443.16771186441,77322794510.89783,12483245406.071106,12464279133.9581,2146736506.82096,35976639.7997775,0
2025-06-25,107305.065199591,2417.98607714787,76097864168.35782,12336745097.959747,12257398202.2773,1748401051.5418,30460989.6323358,0
2025-06-26,107012.822824079,2415.25481852718,74297843312.949,12022385944.06779,9443460585.4113,2130198896.90269,27783099.7421152,0
2025-06-27,107090.95905114,2422.03759585038,75993487666.68065,12196401420.166147,9614561384.06201,2034413908.0804,16811604.0310949,0
2025-06-28,107357.617171245,2438.21842022209,80605131994.58263,12590531916.98966,2888544608.47837,1560302992.19228,13661510.2032214,0
2025-06-29,108360.901696376,2503.22452016365,81878994002.8509,13268891605.1925,4831141636.39068,1305034964.90172,18887898.8154235,0
2025-06-30,107153.101135885,2488.96316364699,82914786038.56737,13214897476.78888,8629191668.70001,2775697161.87849,21814256.7980281,0
2025-07-01,105566.356597896,2400.70451081239,78454776843.1268,12345004984.630035,9762669802.18508,2000242873.09755,21699671.6706062,0
2025-07-02,108927.13451841,2579.95848860316,81501147619.59242,13379807643.599665,13097857125.5122,2192932935.91854,22227537.314432,0
2025-07-03,109632.159126826,2590.32040794857,81471685752.7184,13464205033.98448,11313537979.8633,2141403891.1165,26034096.6211578,0
2025-07-04,108081.395758621,2510.08707305669,79010540386.24,13062830663.998411,8213665633.86867,2209303902.38095,21758021.1564457,0
2025-07-05,108244.788813852,2518.45863588545,78979057554.8808,13072407516.644146,2970350655.80565,833841455.59886,16659603.3685315,0
2025-07-06,109180.005545587,2569.75132524839,81219382017.83922,13309966372.691666,4874354794.49179,1605831315.4946,19096105.891958,0
2025-07-07,108249.401004091,2542.78128462887,79548711769.8293,12900848663.359411,9140336151.15488,2253904084.86179,22252205.8685489,0
2025-07-08,108956.631703098,2615.43112594974,81271651287.32584,12973360888.038296,8186436336.05717,2200479844.6893,30898069.9743159,0
2025-07-09,111416.806720047,2775.83493658679,84310394941.24771,13658386135.380531,13148632993.2159,2860794084.20329,36834723.8112413,0
2025-07-10,115873.903783752,2950.43276446523,87842495485.84627,14601780940.10857,18917035798.1761,3341600216.0544,51845157.8513283,0
2025-07-11,117618.605087084,2958.64228667446,87166956708.34259,15434608821.693493,20639943017.4878,4234679879.23816,67303323.7534407,0
2025-07-12,117382.372540912,2940.39548918761,86012168364.61668,15708575299.845438,7311796759.56035,2213757833.59977,43960873.365362,0
2025-07-13,118899.737107832,2969.63940093513,86310969300.88794,16226140147.44688,8457114068.99425,2314540891.14528,55987689.7896123,0
2025-07-14,119871.096197838,3011.78428755114,86953175128.0925,15821028609.488398,21732121551.7956,4301828090.03318,54901494.4313702,0
2025-07-15,117710.89100789,3132.8656157218,87898559998.09033,15996259793.228212,26059070059.7074,3865926935.94111,42300727.9832473,0
2025-07-16,118730.187791642,3366.30753506721,93068236476.5944,15677410788.771393,16264314608.0564,4745014054.18365,51434771.8647905,0
2025-07-17,119501.663770894,3489.39637258913,94735936081.7056,15355510697.384066,16580270713.1073,4462938316.5205,79443321.9764805,0
2025-07-18,117958.511213033,3542.33909877265,95336494002.68369,14801840986.803358,18551423140.5771,4881667714.68727,76755746.2059455,0
2025-07-19,117908.52473232,3592.11291057861,95101139153.49876,14815324816.6745,5920350566.57308,2388561713.41788,34802236.6739114,0
2025-07-20,117305.680953828,3755.06715341905,97363183809.68349,15363395909.699137,9654593939.04319,3818065786.75789,57794313.3160104,0
2025-07-21,117432.435634717,3765.90390122735,105655689931.37273,14839371520.213156,14743946128.5697,6567235539.44177,56969006.0836102,0
2025-07-22,120068.00578872,3745.90083635301,110230644294.24896,15352005887.509329,17779266385.7386,8642006362.20639,54218696.2884699,0
2025-07-23,118650.587165693,3629.55279777908,102007171197.36629,14609743225.836018,13812421662.3508,6655229330.50519,51590470.7781818,0
2025-07-24,118377.081936879,3709.50907597896,98436392696.65976,14098437085.66834,14165320177.4995,5367118786.73884,51266236.5703361,0
2025-07-25,117520.17335038,3722.55895032145,100260015441.4843,14693550427.193626,26172458177.6171,5307986176.72786,61839111.0119715,0
2025-07-26,117983.204598773,3743.35857714787,99506265205.6211,14513332579.327127,5974910079.14787,2297729848.45438,19359783.4717663,0
2025-07-27,119438.164235535,3863.5014880187,101381980824.95572,14568526038.646128,7479219337.59507,2793161420.89247,37585555.9779428,0
2025-07-28,118022.637320281,3790.9041452367,98542551473.4438,14535650947.864676,12091447012.3777,4191896926.58198,71628959.8517751,0
2025-07-29,117871.370895383,3790.87183372297,97583379843.164,14488536176.530071,12269216871.8958,3385496973.21999,65029132.6870779,0
2025-07-30,117732.643660725,3800.85833167738,95562362634.24667,14072016160.205332,12826194664.6619,3714925140.61916,51709142.1030505,0
2025-07-31,115848.339985096,3701.44796201052,92724264710.14429,13692559878.698153,13678749060.6033,3205318429.33063,51414929.9153623,0
2025-08-01,113282.144336061,3482.30238223261,87420896340.1767,12488974386.351477,22380918296.6228,4947153528.77056,92827613.8793973,0
2025-08-02,112545.673659264,3393.52058854471,85134974182.26146,12340176355.854671,9005629652.90602,2691060424.42929,46757747.7862943,0
2025-08-03,114263.693947691,3504.17049064874,87270549752.83226,12760752953.240944,6136554181.33391,2008063631.95086,45385256.8176155,0
2025-08-04,115199.933659264,3719.13207539451,91199058188.10297,12949817191.237246,9335003412.4173,2802727761.99102,39718047.1946733,0
2025-08-05,114111.36101841,3614.08048129749,88391948870.16513,12837765462.328218,11081013174.6559,2707709339.91528,39347272.7238288,0
2025-08-06,115034.678748977,3682.01792606663,90548819214.682,12696861372.21078,9202525953.82309,2184617215.91988,27313742.2229198,0
2025-08-07,117444.913924313,3904.2433635301,94312875483.52953,13640728318.137705,11371673339.0336,2754627400.75496,28891690.8092689,0
2025-08-08,116740.687720923,4016.25586236119,95475303164.8576,13712232236.204472,10220840583.6054,3609832990.05474,29553203.5768729,0
2025-08-09,116511.655739375,4261.9204345412,97173214111.95288,14589576662.527168,7567658205.31683,2715700911.17492,44429806.1479978,0
2025-08-10,119189.198160275,4248.71364552893,98545698336.05408,15067501461.672075,10734330281.844,3673210530.91872,36956523.505901,0
2025-08-11,118742.043048644,4227.64236762127,94357759847.72752,14423045697.336576,19799682749.605,4182059788.86577,43002360.9986417,0
2025-08-12,120154.32493507,4599.41391846873,103631143800.34326,15032700569.018637,14392280168.3379,4707628150.08731,42940335.9631361,0
2025-08-13,123442.67982225,4760.82676241964,109019896360.18584,15900016947.54676,18966729854.0004,6428475229.38996,71023973.0209464,0
2025-08-14,118510.27128083,4560.76501022794,104031302690.89896,15220290858.412537,25953822040.2339,7966861220.53953,81419310.1831127,0
2025-08-15,117311.209947715,4429.98655289304,100143950845.03062,15916492869.631252,14256993272.288,3980647213.46871,77243234.7603538,0
2025-08-16,117462.42684623,4422.6705862069,102221071040.89856,15477384140.86446,5886947036.54497,1775763232.2397,30397119.9153402,0
2025-08-17,117601.952231888,4487.70970368206,103538987089.9046,15442406302.94702,5638822051.36832,2160746052.46257,32352843.6879778,0
2025-08-18,116312.914397989,4321.5258842782,99052482475.45547,14491702599.773886,16233312750.0072,3465317610.79893,57537758.6895681,0
2025-08-19,112886.10147543,4093.51478141438,95669599977.62675,13745731771.856934,16501190958.4039,3183744734.35929,59604122.2517534,0
2025-08-20,114277.320860316,4337.65589713618,101151841833.31004,14336714711.727592,14475176116.2648,3228391909.25383,66553636.5261376,0
2025-08-21,112347.102298302,4222.5846157218,97413475804.47624,13535056717.115896,11956571281.9886,2798603916.4229,61289806.7843863,0
2025-08-22,116800.977035073,4831.10497749854,108041191516.25092,15130666920.708654,18957055699.3406,5353198002.77789,86487400.7089181,0
2025-08-23,115280.444723834,4778.36752483928,110316173792.76526,14937220585.56976,8291055728.14392,3916792950.38106,45238533.8336188,0
2025-08-24,113516.122474401,4787.25375745178,111454243923.85806,15356462263.790745,14043692075.484,5824625277.74217,54537394.0036493,0
2025-08-25,110089.533314144,4377.50717007598,101037850221.4831,14390136364.968252,21453019255.9359,6867272094.58367,77138985.0715653,0
2025-08-26,111895.295495307,4601.96733810637,106077495152.6254,16281649606.334368,16664986838.2408,3830390357.84714,79828748.431345,0
2025-08-27,111252.307236061,4507.0350163647,110006157735.9186,15717434253.657406,13497448429.4899,6647494274.97529,137062729.650046,0
2025-08-28,112481.152904109,4504.04511922852,115944573124.43324,12386505933.223684,11943143070.9965,6465134473.08657,94816203.0627575,1
2025-08-29,108473.330441642,4366.7936899474,110722313846.8604,12042570267.105827,18145672643.3922,7826962341.94636,94658422.6293601,0
2025-08-30,108746.150824851,4372.10783167738,109611302287.82132,11933912200.724709,8110253841.67616,2931785034.65141,45047875.9902157,0
2025-08-31,108316.44689481,4396.614606955,108930406945.3198,12024446100.82326,7415754575.45778,2505754412.204,50187109.2520343,0
2025-09-01,108992.324614863,4300.58149415546,106276322637.91055,11629790282.859615,14346518910.4434,3832805780.5287,68718831.946581,0
2025-09-02,111140.947159836,4322.33563062536,113065730653.3185,12123054404.278316,16837306198.3431,4551160591.14603,69008076.7613533,0
2025-09-03,111780.743587376,4455.87243804793,113857287491.1106,12425423943.942156,11520236355.7208,3527688908.42853,68902271.5666842,0
2025-09-04,110900.633412981,4316.90264465225,109944802540.0158,12321241551.091455,12259494620.5329,2723223870.31268,76617042.1133486,0
2025-09-05,110711.229484804,4308.76928550555,110239063988.62726,12797624459.240269,17849467845.7437,3904245605.6193,82663559.962326,0
2025-09-06,110243.650741672,4277.15637317358,108446448974.3186,12495924986.312868,4885952743.03367,1389722091.35652,44059022.008156,0
2025-09-07,111307.784421087,4316.10284774985,112019045676.43552,12794649140.453136,5503361207.78796,1889895721.02373,39923652.7766111,0
2025-09-08,112112.311575102,4305.11846668615,116015480627.9528,13758190373.40164,11881644863.4167,4958011301.81026,120359225.999466,0
2025-09-09,111486.396779836,4309.73367562829,117728440370.70592,14389003111.307976,13874493651.9442,4349890743.29247,149260670.932485,0
2025-09-10,113930.748423437,4348.6037805377,121493005788.56313,15014387148.903467,15842219824.0204,4687842956.75319,146051657.685637,0
2025-09-11,115445.812932648,4461.97569111631,123984576957.44208,15418307899.37044,13142678559.4509,5193674924.68535,202207767.205398,0
2025-09-12,116149.174031958,4702.87913120982,131266295290.07166,14928285563.679272,14548222180.8919,6900059701.51333,183207892.472109,0
2025-09-13,115965.627551268,4666.35363763881,131582559157.89928,14780144280.73546,7327141520.62036,3679548194.78643,135464066.01181,0
2025-09-14,115395.933423437,4609.893685564,130561956429.81172,14555802478.94234,6751659781.01156,4844548941.34575,114262321.130369,0
2025-09-15,115420.931814144,4524.12146668615,126932290345.4805,14606686186.614485,13547222726.4333,5046798400.5984,135863574.058356,0
2025-09-16,116798.867050906,4506.83149269433,128811806831.0981,14754534072.082989,11803048946.7496,3666820662.70411,137209841.387545,0
2025-09-17,116575.777628866,4595.04608036236,132915423340.88467,15644212938.368675,16797382927.5482,5096308128.46478,159895394.316871,0
2025-09-18,117014.426762174,4586.33670105202,134211680386.308,15800101686.219397,13337562658.4476,4547793405.76649,136628805.978365,0
2025-09-19,115612.372541695,4463.60009351257,129243186185.45424,15172555564.58102,10566943391.4131,3690484463.18222,111294205.992258,0
2025-09-20,115753.165960549,4483.94747428404,130055578195.42336,14648573233.618883,4442948564.842,1545721114.82213,83275153.3366294,0
2025-09-21,115320.858829047,4452.53198918761,128523259105.30148,13816069011.670591,4649633986.70888,1563677916.17886,129884552.904808,0
2025-09-22,112727.70773813,4204.59655523086,119669535227.94336,12808953871.400606,20251353066.2208,6318093840.30187,202122174.842967,0
2025-09-23,112052.393282022,4170.44418088837,116476466643.35033,12113485567.65774,13064802558.8277,3584838470.87914,164960338.013984,0
2025-09-24,113324.623592192,4153.13078725891,115039272489.64252,12370566856.702332,13125431362.8829,4132076885.39165,188446445.477307,0
2025-09-25,109166.347974874,3875.37859468147,104940557421.94006,10935017199.725636,22812451800.301,6325557119.948,257678536.647541,0
2025-09-26,109669.102166861,4031.71004850964,111151550044.0971,12104741808.406902,17186588078.0118,5160540052.44246,201576022.445489,0
2025-09-27,109644.73069287,4020.11526504968,110682337538.77428,12346488732.939203,5764670549.82466,1802196554.23774,131331848.050139,0
2025-09-28,112170.00778609,4136.4756811806,114414271500.7838,12755944481.361353,8417980303.99689,2065703293.66818,102561394.404712,0
2025-09-29,114341.141435418,4220.42131589714,115834386147.45668,12530601908.799309,15885916390.7229,3294506570.56203,123914142.083487,0
2025-09-30,113971.742796902,4141.04144243132,113393404372.50565,12223548451.995556,17008581021.3861,3289361231.68284,158665117.008473,0
2025-10-01,118393.270386324,4338.2852434249,120112389975.751,12746714558.34408,19575644389.5177,4073157207.08426,106479131.971164,0
2025-10-02,120558.594007013,4478.61686469901,127404915265.04623,13702309185.583136,19649552279.1476,4694210450.21739,160705456.208936,0
2025-10-03,122348.127640269,4519.82290414962,126730781305.93208,13411237757.442753,23481212574.1403,4506953296.10579,135412066.809175,0
2025-10-04,122379.744317651,4488.74868907072,124227254103.69154,13292293644.55929,9406609215.42771,2163535063.52901,66273249.2486959,0
2025-10-05,123523.768313852,4518.09387872589,124735476624.3584,13067602140.916227,19472740991.5022,3415369544.59356,129100399.194477,0
2025-10-06,124824.453666861,4695.78451022794,127014297190.03108,12880984615.329584,20349578981.2626,3561164647.118,119408426.252884,0
2025-10-07,121587.699236704,4464.01253302163,120541504494.98468,12239151370.11815,22491351847.6363,4418104999.71562,162148645.251531,0
2025-10-08,123390.353094682,4529.19221332554,125023821405.63434,12533871612.221289,18680145344.3783,3292402285.83266,94311072.2265596,0
2025-10-09,121603.33278609,4368.90794301578,120524201060.63943,11941312608.311975,20984333645.4925,3686888666.84429,121986318.776137,0
2025-10-10,113754.852328171,3867.07758883694,104474558798.65482,10520797991.130457,47908057116.6985,8393573479.6657,264157998.427751,0
2025-10-11,110940.113648159,3749.88979456458,97281071779.62083,10016108537.983002,28542814310.388,6310552530.03343,274501301.970219,0
2025-10-12,115152.917045003,4147.5814956166,107511772965.17372,10761882741.293337,26508865408.3805,5475158449.7181,163981927.132651,0
2025-10-13,115332.252929573,4249.54676563413,113893419421.61444,11573971971.83068,21083944129.2158,5283436841.19648,201221605.25326,0
2025-10-14,113327.079410286,4135.18015604909,110881041777.751,10709149424.000612,27503974115.9861,6770236801.40243,215063732.924183,0
2025-10-15,110862.872485389,3984.26746230275,106138230413.10776,10122764059.985168,21055442349.496,4678750989.67982,157473987.979608,0
2025-10-16,108135.049605786,3890.10663062536,100821988273.94691,9930807817.247915,27655223427.2783,4862211219.67065,167270282.00255,0
2025-10-17,106625.668651373,3838.55720222092,99707438298.41078,9572547127.563871,29417620449.2251,4935740758.32366,196305098.820984,0
2025-10-18,107143.913935126,3888.66811747516,102525258861.99074,9945941490.261982,9105737752.26862,1841197851.631,88822064.778656,0
2025-10-19,108706.663763881,3988.23975043834,102776748829.74248,10155058155.626978,12808176441.5326,2215544536.00612,97912821.7026623,0
2025-10-20,110640.249515488,3982.14718614845,103856616021.96834,10289441648.707373,18226847720.1372,2811994555.95658,101437537.000346,0
2025-10-21,108700.382071888,3881.40200701344,101879994753.07828,9605197935.890554,28952668393.5619,3867585188.95176,226069616.819517,0
2025-10-22,107667.630188486,3799.0574094097,98378351971.38234,9804106564.202768,23143527221.0646,3509277492.9721,224084852.052294,0
2025-10-23,110060.936797195,3856.09569199299,104540072597.7442,10876044740.144997,16633806927.7467,2955935660.71716,239534399.147285,0
2025-10-24,111024.94314699,3932.93122939801,106288165510.58272,10641246543.677668,14621175357.4424,2713733257.71191,125131262.65912,0
2025-10-25,111614.535857686,3955.02062916423,106677788045.3348,11971286128.999916,5865239460.8839,1365804220.06879,118326354.099514,0
2025-10-26,114557.100460549,4166.26219111631,110047640000.22713,12882824917.063808,11180619667.2402,2141697274.7367,190573592.509296,0
2025-10-27,114087.773805085,4118.91474137931,109067232034.8833,12558808528.5258,16240988722.1317,3128314163.82219,213628154.608142,0
2025-10-28,112980.685846289,3984.36764699006,106772049278.17957,12925256395.912792,29642862016.4457,3921076304.94173,250199448.773945,0
2025-10-29,110206.347983051,3902.84432378726,106817150822.94824,12977908433.639484,19932119573.4112,3839606181.68294,278066326.75785,0
2025-10-30,108019.723841905,3791.08245061368,101087959825.61148,12260181217.997166,20863177149.6227,4175175675.31371,333970074.314257,0
2025-10-31,109554.239627703,3851.14513091759,103016778934.12686,11854153645.53674,16831576618.7349,2617331829.43071,200609764.170114,0
2025-11-01,110005.295855348,3871.69728784337,102852662280.93166,11720583543.546385,5659876251.10996,1137820247.04573,113819516.981196,0
2025-11-02,110389.168627119,3892.96733927528,103230759431.23776,11457544942.765003,8366699632.6598,1342269967.98471,118781836.126585,0
2025-11-03,106495.802789889,3595.6841440678,91582491175.43184,10819617464.45046,21396740357.5281,4997614050.08502,242402822.918435,0
2025-11-04,101349.73723232,3282.72106575102,85674809651.81122,10559233705.7083,32158894943.1755,5886120122.89625,344985587.557264,0
2025-11-05,103915.88479135,3428.01642314436,89898040771.34428,11203388363.875288,21499372722.4239,3559364250.75922,209593202.449204,0
2025-11-06,101241.573677966,3303.66692986558,85453206329.25996,10428821456.759403,18618495846.6384,2597961335.94458,154715282.4155,0
2025-11-07,103428.471746932,3438.0656233197,89610418667.22287,11479223611.58536,20941307903.6144,3084783996.80431,171663244.916248,0
2025-11-08,102335.021439217,3405.3028012858,87537116061.40414,10885035178.014084,8841475521.14124,1681335455.96677,107609338.920085,0
2025-11-09,104685.54544097,3576.40794155465,91008851580.64928,11317731885.063396,11037810584.395,2048243017.33964,89051652.3234981,0
2025-11-10,106082.478156926,3570.58905815313,92791000147.9666,11284069698.019934,15848166863.4214,2458219168.04028,111444078.104774,0
2025-11-11,102974.405611631,3419.72296464056,85863045531.64537,10487428391.775032,17179170709.978,2894439688.67118,141881346.749208,0
2025-11-12,101682.126652835,3410.5313264173,84909757799.14961,10372918134.335922,15894584331.0598,2775072166.50693,149067603.645619,0
2025-11-13,100035.310145237,3247.69008825248,80482224545.35979,10501268305.961544,25226563256.0802,3443222145.87758,125383076.270144,0
2025-11-14,94502.5476025716,3112.32678550555,76905964743.04807,10130498922.799717,30180964067.9681,3882124580.47483,158198617.841838,0
2025-11-15,95541.3158389831,3169.92543483343,77398043325.173,10440368415.448986,10481337826.1462,1519031339.22601,64343779.7907985,0
2025-11-16,94182.3130996493,3090.50758416131,76092207639.45226,10451964017.631613,14612642085.3864,2105786220.48804,116984992.218966,0
2025-11-17,91911.4713471654,3018.11872559906,72391164430.44193,10482375747.489511,23256453972.3043,3453509818.95571,127447552.581759,0
2025-11-18,92836.4419111631,3117.43951928697,78037067337.00438,10503526302.574532,24872777467.1422,3455740189.54444,221626227.281011,0
2025-11-19,91320.4811332554,3015.43288310929,75676067055.82219,10461898351.3254,21238488251.4041,2774333885.36522,131443047.128822,0
2025-11-20,86911.2980590298,2844.77433810637,74311030648.24747,10214491370.904411,24504784415.5497,4059412032.01047,118701792.150013,0
2025-11-21,84948.0463205727,2757.03679748685,71593880081.54921,9121954511.464417,36802830241.9936,4817913229.53626,305051584.128548,0
2025-11-22,84775.0015452952,2772.12619257744,71340201302.09113,8101004966.844103,10601923533.9638,1555629382.72798,127343833.591581,0
2025-11-23,86872.4546630625,2802.26699941555,73157290266.08861,8608397228.48805,12948187027.7004,1722074797.68694,146005692.216634,0
2025-11-24,88377.6024421391,2958.66075715956,77475885492.52599,9170945015.432243,18282063677.4627,2852654525.36556,208718874.830741,0
2025-11-25,87434.550610754,2962.53465195792,77854769114.08495,9136405314.58104,14551807977.3867,2139866528.0972,284630022.321651,0
2025-11-26,90449.2770675044,3024.35795704267,79921068105.351,9751095053.666883,14920757378.3425,2465964815.25407,237820298.773556,0
2025-11-27,91336.2000452952,3015.04006516657,78780484992.91206,9419026091.866854,12150068250.0178,1524755523.61598,164246894.514402,0
2025-11-28,90990.1266104617,3035.43157714787,76963323966.60223,9477778596.491257,14066236141.5894,2318393883.04089,195603230.614982,0
2025-11-29,90842.0738243717,2991.32805610754,76103050208.84413,9312623693.920824,5755699796.95757,1030835565.86735,198001277.199391,0
2025-11-30,90607.7021513735,3002.61025482174,75573768367.74919,8697882261.674814,6574524333.17532,1395743148.67992,148644683.568937,0
2025-12-01,86504.6368156049,2804.79124167154,71028553579.59798,8443839265.02419,22724122357.9203,2965784251.24614,276266860.485961,0
2025-12-02,91528.0245809468,3003.37940648743,77735931273.1292,9205507184.042791,18531414678.9291,2882843997.72284,270366824.289895,0
2025-12-03,93609.0938658679,3189.75251227352,81176895274.36739,9403474087.517138,18693830635.0272,2810165113.32491,212064834.873198,0
2025-12-04,92205.5929544126,3136.48043804793,77833519295.31357,9085674463.351135,14272111164.6534,2023122299.90721,195822661.496303,0
2025-12-05,89279.8344634717,3021.45198480421,74494325420.2701,8394005759.143257,14846702903.8294,2166851991.36961,206600175.917565,0
2025-12-06,89169.5570610754,3036.21572150789,73891859478.54129,8376300737.727213,6140983937.04329,916868125.702083,89106170.9764156,0
2025-12-07,90067.847399474,3048.0956233197,73686618871.95122,7964472855.183531,9071904290.11146,1756939133.20346,202590307.498351,0
2025-12-08,90673.1444436003,3125.14534073641,74672575640.71356,7974157998.550832,13207334544.5714,2301239587.26302,200290990.572432,0
2025-12-09,92808.8518477498,3325.93575745178,77617719139.27754,7565634136.367452,15802628094.8015,2846318665.02237,274108312.627567,0
2025-12-10,92102.9300917592,3329.80832583285,76764388987.39581,7867711936.951329,15442453873.4837,2898584163.58793,174168671.867706,0
2025-12-11,92623.7198708358,3237.47843424898,76590803018.21213,7882489406.889689,16063500689.3774,2823566333.38739,202117313.268579,0
2025-12-12,90331.6083091759,3087.7986767972,74471869593.2683,7785018751.438394,12884081085.879,2618841488.99021,189060012.329208,0
2025-12-13,90245.267264173,3114.86668527177,74788813246.40747,7957618298.542779,4168500520.41032,862525201.562073,93993011.2912649,0
2025-12-14,88096.3826142607,3060.69585388662,72748304235.62021,7802205770.716174,7610477549.80478,1146575433.81523,134087431.971533,0
2025-12-15,86352.5802565751,2962.21389070719,71616017456.43327,7457729045.417949,15291338042.0332,2485484965.98337,220014068.725476,0
2025-12-16,87752.4290336061,2958.2751081239,72333358884.65108,7232320357.205522,13807826563.1472,1876338199.3815,203475350.120962,0
2025-12-17,86059.5522241379,2826.68701724138,69179028205.4871,6624538032.699471,15690749393.5874,2658541967.42345,370488274.483056,0
2025-12-18,85434.1928673291,2826.57452688486,67168348131.28204,6112569939.167761,18290414008.2154,7934078114.04578,311304183.265008,0
2025-12-19,88168.0738325541,2980.4724704851,70997484878.89209,6721916875.13722,15431092856.7529,2384937878.93393,213861746.12964,0
2025-12-20,88292.4536373466,2975.45867592051,70687000408.47253,6515117395.657315,3887794491.53949,688866496.710539,81044064.7232501,0
2025-12-21,88533.4309830508,3000.9371943308,70799667616.86012,6663585202.359706,5539567171.58185,998710082.117136,80529077.3794774,0
2025-12-22,88474.4622331969,3004.76614056108,70669190669.29913,6739728983.399403,13194233499.9403,1722667425.07989,145508897.950689,0
2025-12-23,87365.9937872589,2963.25538310929,69640089511.96767,6479931195.944262,11250364614.5954,1365767273.21558,103417303.329739,0
2025-12-24,87625.6707895967,2946.73151811806,68975284097.0702,5997159270.438872,8124244794.01407,1016392015.29514,92618105.8944352,0
2025-12-25,87231.3047685564,2905.2144006429,67845951185.98681,5807326024.423204,5710890301.50069,935194160.477447,59558813.9842925,0
2025-12-26,87334.8077808299,2926.08538047925,68743757402.49849,6123360437.069938,12537667436.3325,1685768043.35635,79402891.2836457,0
2025-12-27,87695.4159076564,2942.30547574518,70003265392.8037,6166908479.352269,3260602911.6727,674476026.838419,59568333.1280901,0
2025-12-28,87747.6491548802,2946.08468264173,70153370705.78313,6041084314.622394,4029679917.88118,790335355.238894,71603358.7145536,0
2025-12-29,87133.5103991818,2933.90624196376,69316600807.72409,6136484787.38384,15862580667.1147,2263750923.00614,110687991.073849,0
2025-12-30,88428.4922735243,2969.19949064874,70186453685.15594,6189567967.960051,11955893118.4983,1308317801.61961,116302968.591682,0
2025-12-31,87516.9780376972,2968.12801431911,70125503054.8712,6062169857.21318,11132102416.438,1746782885.53554,105773982.099267,0
2026-01-01,88684.2178474576,3000.88881268264,71329715373.7179,5763930718.68988,5094051144.8548,1057346948.65521,130781182.099557,0
2026-01-02,89940.1801671537,3124.26197691409,74476080817.07706,5851341365.643532,15137901318.7639,2050813810.5047,124884963.904744,0
2026-01-03,90598.1301832262,3125.24571244886,75113630004.62654,6045241953.333185,5508980380.47392,1038074328.00468,87760359.9474338,0
2026-01-04,91359.7636823495,3140.1174465225,75469147083.53455,6351012813.039596,7454119280.35094,1291545237.86589,107153742.752047,0
2026-01-05,93948.5821794272,3229.65402805377,77902515216.83495,6364807552.973271,16907301306.0856,2332201173.30567,177613320.957213,0
2026-01-06,93574.2871122151,3291.03787784921,79431242519.84999,6700548321.663665,17088302719.6859,2641292651.89582,219329478.759868,0
2026-01-07,91208.9562606663,3163.42844097019,76847894315.05113,6409500598.418016,14817512349.9205,1656582623.91176,145754474.800404,0
2026-01-08,91096.9161554647,3109.10774547049,78127969183.33327,6122779941.09003,13689781865.551,2062183168.13517,117497665.183606,0
2026-01-09,90539.6032288136,3085.00326271186,76659307072.33156,5977375082.328431,12667583502.9143,2156223686.94089,118174790.626893,0
2026-01-10,90406.1424114553,3082.05532378726,76566107923.5933,5717609172.297895,2998465868.93644,620928512.05372,78729947.5205592,0
2026-01-11,90717.2063153127,3112.54671624781,78511901175.45676,5805055630.895772,4399752743.64628,1334130710.79768,47665643.3943387,0
2026-01-12,91141.1498489188,3091.07288398597,78517005191.35098,5657914845.021921,13447991100.9482,2621810998.28628,142118712.564438,0
2026-01-13,95304.4982942724,3322.29855201637,82258561814.78087,6100567097.920196,18052772425.0371,2716056274.11828,131825877.73226,0
2026-01-14,97043.9927258913,3356.49862828755,82854907016.97218,6173406576.056362,19573284071.1156,2457046064.80518,131977883.175657,0
2026-01-15,95546.1397381648,3314.54089479836,80402273273.36284,5881542658.897549,15513091732.3609,1745889525.9937,136873412.874927,0
2026-01-16,95489.1299602572,3295.41368351841,81901809426.66774,5956421735.982704,9950363881.98624,1341933546.68616,73294903.5417389,0
2026-01-17,95106.980462595,3306.92532524839,81249292909.05098,6064690611.493811,3771967991.5157,647028158.220848,45885238.6081968,0
2026-01-18,94261.3294313267,3301.93096201052,78711050645.93106,5885395028.422285,5172210667.30483,1139938582.48847,63372187.4344035,0
2026-01-19,92526.2419643483,3185.10260227937,75459867040.0719,5653166278.552034,10767857457.8887,2020875626.97697,128253001.621833,0
2026-01-20,88236.5631922852,2937.81746171829,71201207845.32257,5016517196.14566,16870115090.3656,2242080186.2262,188257252.427391,0
2026-01-21,89599.361874927,2991.97558971362,73391492131.7575,5139502672.857941,18618685583.6731,2125929605.82374,155326492.741104,0
2026-01-22,89395.700735827,2947.89295207481,72573837699.5938,5101420715.461616,11238508529.4976,1226273469.42015,94545604.4783365,0
2026-01-23,89439.7718909994,2951.59461922852,72013408353.85167,5380031488.635896,12195380643.8802,1391990035.89707,150914559.948491,0
2026-01-24,89185.0386990064,2950.6620654588,71932128135.82452,5563179649.433769,3382816668.32844,521556099.204609,79768679.304478,0
2026-01-25,86445.6705926359,2806.82564319112,67259754195.21434,5271143530.308679,10479342199.3972,2150945083.91019,114705222.723685,0
2026-01-26,88337.4545511397,2930.17946756283,70321098040.78137,5950203380.942857,13972514016.9652,1659182188.27386,201581940.903557,0
2026-01-27,89260.3805397429,3022.82405873758,72010076671.69719,7320055098.160712,12185717259.7339,1348016853.18848,425613078.543322,0
2026-01-28,89177.7892507306,3008.43984979544,70826606929.8614,8103255673.451315,12764139942.4735,1287441899.31236,536022690.445148,0
2026-01-29,84520.3973106371,2818.53491466978,66544087857.7948,7329720117.467802,20310891947.3136,2116661616.85125,484499755.564256,0
2026-01-30,84017.0340292227,2699.6404661017,66329025415.89523,7272580214.472803,21908127887.6901,2593397957.65491,525973338.242605,0
2026-01-31,78702.38550263,2444.24318264173,59638615050.554016,7344574395.883544,22589874141.195,4086110209.68152,466424551.080582,0
2026-02-01,76911.0523772648,2270.22719140853,57041300397.25282,7301738570.163418,17677831721.9741,2138558961.10839,390817934.064224,0
2026-02-02,78716.6018088837,2345.61446464056,59210060010.79936,7976322505.711759,24437332330.7999,2732011552.32736,586250112.249779,0
2026-02-03,75684.7660277616,2231.42898305085,55373199661.8756,7838683020.249466,22188271531.5373,2166141862.6848,804019122.617281,0
2026-02-04,73095.1914646406,2147.39338924605,52099152370.37898,8468580337.540071,22248662366.6922,2920951149.46973,490169135.261668,0
2026-02-05,63494.6884456458,1850.0371659848,44765777731.79487,7944539972.402466,44630368803.2227,4426833574.5939,726969133.234489,0
2026-02-06,70647.6982188778,2064.07685622443,49723127684.38866,7784730122.334312,37324027378.0035,4955689584.54677,641926141.417109,0
2026-02-07,69166.2594424313,2086.30893687902,49590318424.61761,7448945638.598863,18403458968.9534,2065479389.66471,288129639.869748,0
2026-02-08,70522.5892393337,2093.81263588545,49350951145.62936,7729410297.655375,10348141701.1473,1117921048.26154,189794037.577938,0
2026-02-09,70244.1017773232,2107.02768497954,49297391404.43421,7471624712.69783,15365029287.9833,1491358665.45216,209767713.466825,0
2026-02-10,68688.793113384,2017.25694389246,46969628597.297615,6881248254.162534,12491716714.4872,1191162427.82985,200699168.800186,0
2026-02-11,66989.7165920514,1940.05835008767,44983205464.56566,7002156306.224021,16288568242.8511,1603874546.56627,226079169.571077,0
2026-02-12,66221.5443115137,1944.85649064874,44413835728.50963,7354815210.826499,13500803360.6476,1302399958.00318,198164057.36856,0
2026-02-13,68860.8411633548,2048.51233459965,47857321493.887856,7539189793.59188,12166056907.2927,1337285139.03696,174815912.320765,0
2026-02-14,69798.0791253653,2086.63942548217,50120868692.14113,7575312162.477027,7931475979.29924,1059032317.18648,116888469.158765,0
2026-02-15,68629.9599760374,1960.28208912916,48729539322.65299,7278593314.309176,9805724947.98248,1559750904.99118,104881347.74578,0
2026-02-16,68747.4380286383,1996.39197632963,49029022632.318016,7385628759.891271,8996323258.06611,1251515488.21277,112445032.477631,0
2026-02-17,67471.0508465809,1992.43069666861,48324737555.07104,7046282046.591157,10237409745.7159,1117604237.00851,127197495.099262,0
2026-02-18,66380.7069611339,1951.87398100526,46280028010.3864,6811629492.982104,9773524623.90791,1144559179.10581,117480679.366285,0
2026-02-19,66932.3522118644,1947.86147194623,46781248307.37643,6914121571.162644,9077495321.16127,970818375.73376,115045521.242321,0
2026-02-20,67977.3092612507,1967.10513237873,48014603036.80512,7216213843.644543,13693046180.5243,1351420283.65899,136130431.918107,0
2026-02-21,68020.6677612507,1974.53984687317,48458997166.2256,7083262435.983691,5002388456.52706,649197616.655985,54397913.0625943,0
2026-02-22,67550.0240768556,1952.79213763881,47015314262.23708,6901090009.8576565,4752977660.97473,668934637.739197,45311372.4282331,0
2026-02-23,64689.9123308007,1856.81448451198,44312070171.76873,6270431773.504858,15313809541.5711,1808974619.1306,199213532.219841,0
2026-02-24,64123.7510780245,1855.42052542373,45055591940.40441,6492889318.496001,13795669712.7971,1247538164.15873,129232138.683416,0
2026-02-25,68038.5221794272,2057.28647662186,50012670463.09048,6658337719.751353,18821465002.8458,2223227432.76062,181302358.102294,0
2026-02-26,67519.2645292227,2028.46234950321,48862723999.32749,6738682482.921258,14016731382.87,1458095749.48085,152911762.49791,0
2026-02-27,65864.1358170661,1929.70612916423,46528236744.915504,6499684087.4645815,12404681958.2026,1388942850.21513,146214002.706128,0
2026-02-28,66965.6353091759,1963.48860958504,47955708968.2745,7401532006.590579,12912585947.9494,1724849305.12416,212238733.316958,0
2026-03-01,65733.5212597896,1938.46658766803,47615858525.08386,7565001378.684553,12098871406.3624,1745101404.41865,192538001.14128,0
2026-03-02,68922.6242974869,2033.1883918761,49463027489.28991,7847027779.03419,16575437044.9949,1997166841.08242,251983424.482408,0
2026-03-03,68431.1740306838,1987.20545324372,49620741886.92069,7492970811.06915,22036193359.5996,1813923568.85033,199191117.095519,0
2026-03-04,72667.4630575687,2127.57280157803,51814697757.76813,7676135670.934381,21395736162.1408,2601542873.09486,193036729.21857,0
2026-03-05,70987.427176505,2076.63328696669,50621951214.553535,7290368619.253006,14464643420.2755,1547242871.09713,134462920.413799,0
2026-03-06,68226.7053927528,1982.56379865576,48328657716.35917,7431713559.638382,12703080811.2152,1340170344.54774,141152745.644034,0
2026-03-07,67315.5529135009,1970.38521595558,47407592340.73515,7217860088.46544,5390091419.78599,563222269.727484,87081389.4660561,0
2026-03-08,66202.6978731736,1942.91124810053,46702015695.808174,7347609400.995729,8743505849.24012,846062665.02468,88674757.3885393,0
2026-03-09,68528.5384699007,1997.0082761543,48598988323.65192,8294520089.915271,13732881594.7633,1442213637.85604,309216676.107801,0
2026-03-10,69891.8238576856,2034.95413851549,48929012712.8692,8142193889.289941,14926029166.8694,1414874898.47618,202139461.129398,0
2026-03-11,70298.5753530099,2055.76802717709,49516429464.19922,8649495408.78162,11806121641.6261,1319420873.364,238664993.878205,0
2026-03-12,70538.1074623027,2078.93747136178,49640860975.80847,8894609494.197395,10757231426.1741,1161130650.21092,235798922.837199,0
2026-03-13,70930.0132793688,2092.09332115722,50335475942.37667,8683423368.59553,15503153905.6751,1991560165.76559,286476747.009463,0
2026-03-14,71136.2179199299,2096.33251081239,50279816030.36557,9037264719.17715,4912921003.83107,592265170.531414,141219311.627932,0
2026-03-15,72712.1461957919,2177.81211718293,52676725814.61215,8894215361.368246,6685093781.73073,1022278371.13989,106309720.392279,0
2026-03-16,74723.9575534775,2351.36226241964,54888517823.22735,9742708668.162058,14074228146.9453,2235299608.72518,304005096.57042,0
2026-03-17,74086.013609585,2323.31525803624,54215388149.55695,9836446936.14134,12975796814.9742,1354559112.3104,233512187.994568,0
2026-03-18,71253.9579275278,2200.48282583285,51432305567.51144,10023198064.451008,11441129206.9302,1334995031.83258,371273572.959459,0
2026-03-19,69948.9048267095,2138.02135242548,50779973493.7911,9356693032.153856,11156808586.9005,1109815751.0726,277140990.072707,0
2026-03-20,70510.4196797194,2146.58037960257,51372573645.85315,9447819794.038784,9585769501.115,876070657.042386,214976693.774969,0
2026-03-21,69707.285009059,2124.59659760374,50861339582.15217,9423694718.552752,4614139324.0746,570360018.13405,82048014.2043198,0
2026-03-22,68018.1534815897,2058.15253477499,49418939670.88475,9156338699.575062,7246839804.57112,901157845.634628,168494560.429085,0
2026-03-23,70726.2110461718,2148.12646025716,52220295804.257774,8881390205.110365,13251917379.2754,1773749945.56744,313704265.676022,0
2026-03-24,70610.0187121566,2157.06026037405,51980225661.59104,9612499214.336798,10140065174.356,1298865527.25745,206623767.954848,0
2026-03-25,71281.2973921683,2168.53179485681,52429130812.81849,9609870220.976156,8731445657.5429,1113056484.14574,175239066.972319,0
2026-03-26,68722.9718366452,2059.03193045003,49450340837.87886,9301893034.188076,9943606544.86567,1280412562.98591,140679131.999667,0
2026-03-27,66214.1715134424,1988.89868147282,47422206304.095535,9187919786.342646,11658318655.1302,1148099802.17126,134593034.560511,0
2026-03-28,66351.0725251315,1994.39515926359,46958132755.04832,9415437553.194056,4914337630.76285,647886684.820967,114264648.636259,0
2026-03-29,65966.7523939217,1982.87323611923,46548446231.22652,9043320022.237284,5345293011.41617,668762986.00201,79254860.5123347,0
2026-03-30,66651.2320037989,2022.78023845704,47176889227.07647,8763847099.822947,9824296421.02488,1179897512.53208,151770542.824255,0
2026-03-31,68214.8680388662,2101.43189275278,47527447415.07082,8695261537.019154,11230550844.217,1445140267.20098,232666911.417583,0
2026-04-01,68116.8167933957,2140.8786440678,46527959712.34327,8578740232.359513,8541859341.44069,1483629264.60206,146972068.876299,0
2026-04-02,66908.3179918177,2056.41651402689,45205500084.65296,8397876112.946989,8940972793.29402,1350155349.18027,180602994.008144,0
2026-04-03,66891.7422279369,2051.62035242548,45988545143.99252,8483450115.493673,4537508158.45123,697206496.592896,100023824.42491,0
2026-04-04,67295.1309137931,2064.24038983051,46265921986.98866,8685433364.35933,2713849095.87375,452547187.802177,50077660.6852009,0
2026-04-05,68921.8060911748,2110.88525014611,46824364331.25031,8789883987.519615,4431514958.17496,592573350.385536,66381182.5738505,0
2026-04-06,68742.9133085915,2101.85518877849,45829266685.92552,8654905327.578442,9177587835.93239,924403902.8022,123872406.467662,0
2026-04-07,72057.1243614845,2247.90510198714,49212939903.21723,9230808921.413153,11564273126.921,1451019698.92786,160104208.548328,0
2026-04-08,71085.0583702513,2188.63042168323,47379446859.67871,9233841547.105976,10472729559.0965,1072030478.87233,235452033.029014,0
2026-04-09,71788.6797825833,2190.25052630041,47845242398.1945,9410182969.867512,9629160052.18699,928391744.772814,152602511.316824,0
2026-04-10,72945.0707241379,2244.5331244886,48719897552.81517,9921156581.12469,9055226545.25332,777345806.385601,203608354.762307,0
2026-04-11,73119.1091168907,2286.84805523086,48791334140.662445,10079526554.200836,4481982639.82638,546948085.509047,109385589.92414,0
2026-04-12,70685.3697019287,2190.14021800117,46825440051.98455,9734785541.51384,7014699118.68866,736631722.343298,129572929.597148,0
2026-04-13,74632.7455856224,2373.1848176505,49687924599.07375,10570591877.381784,13131024727.6709,1024941701.67894,227044286.246287,0
2026-04-14,74173.5083603156,2323.2110119813,48206611039.61733,10367939273.744482,13550695493.509,1271166215.30502,247889212.382824,0
2026-04-15,74761.964654588,2356.77637346581,48818867201.47753,10633880729.296886,11070705577.5124,922798090.853592,197373919.121633,0
2026-04-16,75095.7442159556,2349.62938018702,51217878222.746605,10465553991.841673,10039394423.3582,1404809275.51456,215123186.833803,0
2026-04-17,77114.481438048,2422.26582729398,51101593446.96274,10622516492.999556,13233227191.8139,1476323949.51373,191907356.470429,0
2026-04-18,75792.0637510228,2353.92359760374,49639256925.95536,10489365931.690708,5332187760.4989,697550764.716624,111645820.005111,0
2026-04-19,73905.2041016949,2265.85590707189,48085674431.063484,9723322003.4631,6917646203.17757,981170118.964259,169558777.335633,0
2026-04-20,75814.1453237873,2313.76751227352,49108477386.04376,9685711508.890306,9730180393.45963,946201058.975339,170714982.674857,0
2026-04-21,76107.4432977791,2323.70637346581,49402290969.78744,9474702079.897572,9141669158.82648,870908612.056637,222570023.426077,0
2026-04-22,78317.7422720631,2381.7532030976,50086693564.79261,9817663848.536392,11229538356.7097,1123622743.26636,183389371.022501,0
2026-04-23,78233.6837492694,2330.50318468732,49554840072.07257,9839945470.141935,9992572834.63467,980742532.766817,134759769.796904,0
2026-04-24,77444.269277031,2315.61822472238,49660004470.18507,9812180341.541864,8039278939.10969,738696255.054763,97835502.5992126,0
2026-04-25,77624.7114821742,2319.27642343659,49600327679.88944,9889969294.001152,2950906890.33129,360621816.30623,60278649.9296918,0
2026-04-26,78538.7733573933,2368.8221779661,50038772793.93344,10121726059.120668,4740570129.62856,509556521.374147,73880219.9418499,0
2026-04-27,77256.297159848,2297.93676651081,48773160979.00072,9911463095.381329,9168642335.69921,1006697155.04261,155419564.189375,0
2026-04-28,76295.531117183,2287.49049327878,48336065334.42061,9555432792.698233,7095223999.42712,581287877.471498,138039275.917442,0
2026-04-29,75795.0098530099,2254.10393863238,47796555654.81638,9518794671.343267,9332698126.82505,953261058.875496,116206785.837315,0
2026-04-30,76299.6161285798,2256.61539976622,47808787488.11223,9454786252.89261,6754679935.88663,728161749.348004,113254941.062499,0
2026-05-01,78132.6437852133,2292.81031618936,48216082428.764046,9792541187.531988,8899608158.98036,630133933.771711,141879617.063168,0
2026-05-02,78712.5387317358,2318.91120660432,48616202269.94361,9845877424.134363,3142512094.68045,355935055.742366,95878014.613287,0
2026-05-03,78649.1732893045,2326.03863559322,48423786186.18729,9894270158.88502,3884299376.22402,383094185.851276,89692869.4468639,0
2026-05-04,79826.107817066,2347.40537580362,48464692381.46575,9979250391.617584,12668308186.6847,1077903417.8034,181471017.220344,0
2026-05-05,80936.7548252484,2360.64430946815,49765365956.14087,10427256600.75576,8763765050.73473,847400318.371235,212656959.714054,0
2026-05-06,81364.6201285798,2348.57684628872,51358571772.91904,10259209658.867908,9240366121.47559,1228991373.63503,214850941.580634,0
2026-05-07,79988.9987343659,2290.27787580362,50921462985.602165,10135339845.832363,8278398107.84933,1119525490.34703,162075019.268396,0
2026-05-08,80179.6922957335,2306.36417153711,53063664045.75064,10287707868.55001,7131369152.18117,1043932524.22923,107254073.58403,0
2026-05-09,80663.6296519579,2326.38885505552,53783511743.2462,10234822328.799496,3315687892.14463,854619494.601364,111697860.427836,0
2026-05-10,82256.781137931,2374.78948042081,55707072829.12192,10256961564.668337,5558559205.01854,1177499978.47014,110816044.496335,0
2026-05-11,81714.7420499708,2339.08045149036,56202902638.3378,10005344539.970898,7779465162.57041,1349975314.14321,155261711.715746,0
2026-05-12,80525.563024547,2277.51648568089,54570908069.55189,9607854205.057167,7465573232.75409,1097113539.21074,155589463.078203,0
2026-05-13,79291.9110017534,2257.2091616014,52662264976.33925,9271295163.441517,7738595266.74738,1238208576.44286,159758024.772562,0
2026-05-14,81175.8271116306,2288.82837726476,53367783692.57374,10554474254.224876,10604111465.9649,1058282336.85811,383589107.691878,0
2026-05-15,79063.4145756868,2223.05238603156,51566960702.01116,10535275171.328705,8879776564.0672,1042204080.82023,501496557.055607,0
2026-05-16,78164.4952711864,2180.49946230275,50042047558.47805,9973707912.068533,4900843128.82173,714795417.483585,252798631.002911,0
2026-05-17,77497.697113384,2143.14334921099,49289990783.44479,10839466431.040154,4499336102.44801,666735694.71749,381181335.602761,0
2026-05-18,76975.9111998831,2130.19724284044,49364880668.25276,11323250605.488577,10848478512.2411,986996047.457416,502597531.376703,0
2026-05-19,76807.460956166,2112.00750058445,48747853075.2174,11486061043.094866,6772474385.83501,622268364.249113,399645795.58632,0
2026-05-20,77408.1722089421,2125.16858094681,49667895242.687775,12961459944.41546,6805669527.71708,892190947.948939,706221155.267239,0
2026-05-21,77595.3861717446,2132.1346595938,50362844092.36921,13992974427.673817,6812039048.54854,1016215154.77318,1036450285.5528,0
2026-05-22,75567.5430431093,2066.76720977206,48855797113.08988,13099368363.997185,7352144087.41491,939462363.757795,872234075.046514,0
2026-05-23,76619.8666090415,2116.16834102864,49507049208.74172,13934866632.041348,7541379949.98425,1222346430.27155,516720397.228958,0
